"           TIME(S)","              HEAT","            FLOW_G","            FLOW_L","      FLOW_G_WATER","        FLOW_G_AIR","      FLOW_L_WATER","        FLOW_L_AIR"
  0.87600000000E+003,  0.74797521779E-003,  0.12726750221E-008,  0.00000000000E+000,  0.13419620956E-010,  0.20381294335E-013,  0.00000000000E+000,  0.00000000000E+000
  0.88800000000E+003,  0.74798164959E-003,  0.12727304844E-008,  0.00000000000E+000,  0.13420205748E-010,  0.20382182573E-013,  0.00000000000E+000,  0.00000000000E+000
  0.91200000000E+003,  0.74803676653E-003,  0.12731897323E-008,  0.00000000000E+000,  0.13425048060E-010,  0.20389537524E-013,  0.00000000000E+000,  0.00000000000E+000
  0.93000000000E+003,  0.74809894887E-003,  0.12737058712E-008,  0.00000000000E+000,  0.13430490233E-010,  0.20397803593E-013,  0.00000000000E+000,  0.00000000000E+000
