"           TIME(S)","              HEAT","            FLOW_G","            FLOW_L","      FLOW_G_WATER","        FLOW_G_AIR","      FLOW_L_WATER","        FLOW_L_AIR"
  0.87600000000E+003,  0.20871618320E-002,  0.35485976333E-008,  0.00000000000E+000,  0.37417901483E-010,  0.56829125696E-013,  0.00000000000E+000,  0.00000000000E+000
  0.88800000000E+003,  0.20871776597E-002,  0.35488310510E-008,  0.00000000000E+000,  0.37420362440E-010,  0.56832863961E-013,  0.00000000000E+000,  0.00000000000E+000
  0.91200000000E+003,  0.20872670233E-002,  0.35497801811E-008,  0.00000000000E+000,  0.37430369666E-010,  0.56848064534E-013,  0.00000000000E+000,  0.00000000000E+000
  0.93000000000E+003,  0.20873923678E-002,  0.35509798473E-008,  0.00000000000E+000,  0.37443018643E-010,  0.56867277469E-013,  0.00000000000E+000,  0.00000000000E+000
