"           TIME(S)","              HEAT","            FLOW_G","            FLOW_L","      FLOW_G_WATER","        FLOW_G_AIR","      FLOW_L_WATER","        FLOW_L_AIR"
  0.87600000000E+003,  0.25178563224E+000,  0.43587538025E-006,  0.00000000000E+000,  0.45960415380E-008,  0.69803457475E-011,  0.00000000000E+000,  0.00000000000E+000
  0.88800000000E+003,  0.25178307200E+000,  0.43586634566E-006,  0.00000000000E+000,  0.45959462529E-008,  0.69802010512E-011,  0.00000000000E+000,  0.00000000000E+000
  0.91200000000E+003,  0.25179160257E+000,  0.43596255974E-006,  0.00000000000E+000,  0.45969606805E-008,  0.69817418685E-011,  0.00000000000E+000,  0.00000000000E+000
  0.93000000000E+003,  0.25180085494E+000,  0.43605861554E-006,  0.00000000000E+000,  0.45979734517E-008,  0.69832801671E-011,  0.00000000000E+000,  0.00000000000E+000
