"           TIME(S)","              HEAT","            FLOW_G","            FLOW_L","      FLOW_G_WATER","        FLOW_G_AIR","      FLOW_L_WATER","        FLOW_L_AIR"
  0.87600000000E+003,  0.50187895589E-001,  0.86280524714E-007,  0.00000000000E+000,  0.90977677187E-009,  0.13817427146E-011,  0.00000000000E+000,  0.00000000000E+000
  0.88800000000E+003,  0.50183007775E-001,  0.86242089150E-007,  0.00000000000E+000,  0.90937150344E-009,  0.13811271592E-011,  0.00000000000E+000,  0.00000000000E+000
  0.91200000000E+003,  0.50177477826E-001,  0.86200762255E-007,  0.00000000000E+000,  0.90893574395E-009,  0.13804653036E-011,  0.00000000000E+000,  0.00000000000E+000
  0.93000000000E+003,  0.50174736868E-001,  0.86181541960E-007,  0.00000000000E+000,  0.90873307832E-009,  0.13801574895E-011,  0.00000000000E+000,  0.00000000000E+000
