"           TIME(S)","              HEAT","            FLOW_G","            FLOW_L","      FLOW_G_WATER","        FLOW_G_AIR","      FLOW_L_WATER","        FLOW_L_AIR"
  0.87600000000E+003,  0.16109913011E-002,  0.27394047970E-008,  0.00000000000E+000,  0.28885432694E-010,  0.43870282651E-013,  0.00000000000E+000,  0.00000000000E+000
  0.88800000000E+003,  0.16110096660E-002,  0.27396224563E-008,  0.00000000000E+000,  0.28887727567E-010,  0.43873768502E-013,  0.00000000000E+000,  0.00000000000E+000
  0.91200000000E+003,  0.16110915686E-002,  0.27404364738E-008,  0.00000000000E+000,  0.28896310309E-010,  0.43886805196E-013,  0.00000000000E+000,  0.00000000000E+000
  0.93000000000E+003,  0.16111973709E-002,  0.27414187148E-008,  0.00000000000E+000,  0.28906666861E-010,  0.43902536008E-013,  0.00000000000E+000,  0.00000000000E+000
