"           TIME(S)","              HEAT","            FLOW_G","            FLOW_L","      FLOW_G_WATER","        FLOW_G_AIR","      FLOW_L_WATER","        FLOW_L_AIR"
  0.87600000000E+003,  0.77551236621E-002,  0.13200871096E-007,  0.00000000000E+000,  0.13919549581E-009,  0.21140576018E-012,  0.00000000000E+000,  0.00000000000E+000
  0.88800000000E+003,  0.77547372243E-002,  0.13198016091E-007,  0.00000000000E+000,  0.13916539192E-009,  0.21136003688E-012,  0.00000000000E+000,  0.00000000000E+000
  0.91200000000E+003,  0.77546662409E-002,  0.13198182223E-007,  0.00000000000E+000,  0.13916714213E-009,  0.21136269809E-012,  0.00000000000E+000,  0.00000000000E+000
  0.93000000000E+003,  0.77548694655E-002,  0.13200453881E-007,  0.00000000000E+000,  0.13919109335E-009,  0.21139907952E-012,  0.00000000000E+000,  0.00000000000E+000
