"           TIME(S)","              HEAT","            FLOW_G","            FLOW_L","      FLOW_G_WATER","        FLOW_G_AIR","      FLOW_L_WATER","        FLOW_L_AIR"
  0.87600000000E+003,  0.85868972610E-001,  0.14815105591E-006,  0.00000000000E+000,  0.15621639471E-008,  0.23725711092E-011,  0.00000000000E+000,  0.00000000000E+000
  0.88800000000E+003,  0.85865606575E-001,  0.14812710655E-006,  0.00000000000E+000,  0.15619114175E-008,  0.23721875427E-011,  0.00000000000E+000,  0.00000000000E+000
  0.91200000000E+003,  0.85858256421E-001,  0.14807403158E-006,  0.00000000000E+000,  0.15613517800E-008,  0.23713375289E-011,  0.00000000000E+000,  0.00000000000E+000
  0.93000000000E+003,  0.85853590852E-001,  0.14804131607E-006,  0.00000000000E+000,  0.15610068162E-008,  0.23708135822E-011,  0.00000000000E+000,  0.00000000000E+000
