"           TIME(S)","              HEAT","            FLOW_G","            FLOW_L","      FLOW_G_WATER","        FLOW_G_AIR","      FLOW_L_WATER","        FLOW_L_AIR"
  0.87600000000E+003,  0.32952803766E+000,  0.56984929651E-006,  0.00000000000E+000,  0.60087152164E-008,  0.91258769688E-011,  0.00000000000E+000,  0.00000000000E+000
  0.88800000000E+003,  0.32955873949E+000,  0.57012257611E-006,  0.00000000000E+000,  0.60115966326E-008,  0.91302534101E-011,  0.00000000000E+000,  0.00000000000E+000
  0.91200000000E+003,  0.32960371854E+000,  0.57053162140E-006,  0.00000000000E+000,  0.60159095238E-008,  0.91368041701E-011,  0.00000000000E+000,  0.00000000000E+000
  0.93000000000E+003,  0.32963304957E+000,  0.57080153826E-006,  0.00000000000E+000,  0.60187554669E-008,  0.91411268513E-011,  0.00000000000E+000,  0.00000000000E+000
