"           TIME(S)","              HEAT","            FLOW_G","            FLOW_L","      FLOW_G_WATER","        FLOW_G_AIR","      FLOW_L_WATER","        FLOW_L_AIR"
  0.87600000000E+003,  0.43133925487E+000,  0.74585288477E-006,  0.00000000000E+000,  0.78645658807E-008,  0.11944493581E-010,  0.00000000000E+000,  0.00000000000E+000
  0.88800000000E+003,  0.43136755338E+000,  0.74611104072E-006,  0.00000000000E+000,  0.78672878237E-008,  0.11948628072E-010,  0.00000000000E+000,  0.00000000000E+000
  0.91200000000E+003,  0.43142826787E+000,  0.74666181765E-006,  0.00000000000E+000,  0.78730951072E-008,  0.11957448874E-010,  0.00000000000E+000,  0.00000000000E+000
  0.93000000000E+003,  0.43147321543E+000,  0.74706997039E-006,  0.00000000000E+000,  0.78773985883E-008,  0.11963985493E-010,  0.00000000000E+000,  0.00000000000E+000
