"           TIME(S)","              HEAT","            FLOW_G","            FLOW_L","      FLOW_G_WATER","        FLOW_G_AIR","      FLOW_L_WATER","        FLOW_L_AIR"
  0.87600000000E+003,  0.11238371913E+000,  0.19421531668E-006,  0.00000000000E+000,  0.20478835104E-008,  0.31102693514E-011,  0.00000000000E+000,  0.00000000000E+000
  0.88800000000E+003,  0.11237954537E+000,  0.19418591131E-006,  0.00000000000E+000,  0.20475734502E-008,  0.31097984171E-011,  0.00000000000E+000,  0.00000000000E+000
  0.91200000000E+003,  0.11237091365E+000,  0.19412471921E-006,  0.00000000000E+000,  0.20469282209E-008,  0.31088184077E-011,  0.00000000000E+000,  0.00000000000E+000
  0.93000000000E+003,  0.11236556156E+000,  0.19408821496E-006,  0.00000000000E+000,  0.20465433050E-008,  0.31082337807E-011,  0.00000000000E+000,  0.00000000000E+000
