"           TIME(S)","              HEAT","            FLOW_G","            FLOW_L","      FLOW_G_WATER","        FLOW_G_AIR","      FLOW_L_WATER","        FLOW_L_AIR"
  0.87600000000E+003,  0.38382304977E-001,  0.65858002984E-007,  0.00000000000E+000,  0.69443358761E-009,  0.10546853539E-011,  0.00000000000E+000,  0.00000000000E+000
  0.88800000000E+003,  0.38378270084E-001,  0.65826113628E-007,  0.00000000000E+000,  0.69409734329E-009,  0.10541746569E-011,  0.00000000000E+000,  0.00000000000E+000
  0.91200000000E+003,  0.38374416255E-001,  0.65797630585E-007,  0.00000000000E+000,  0.69379701131E-009,  0.10537185016E-011,  0.00000000000E+000,  0.00000000000E+000
  0.93000000000E+003,  0.38372675864E-001,  0.65785895681E-007,  0.00000000000E+000,  0.69367327316E-009,  0.10535305677E-011,  0.00000000000E+000,  0.00000000000E+000
