"           TIME(S)","              HEAT","            FLOW_G","            FLOW_L","      FLOW_G_WATER","        FLOW_G_AIR","      FLOW_L_WATER","        FLOW_L_AIR"
  0.87600000000E+003,  0.96375363646E-003,  0.16394253307E-008,  0.00000000000E+000,  0.17286789716E-010,  0.26254628309E-013,  0.00000000000E+000,  0.00000000000E+000
  0.88800000000E+003,  0.96376000316E-003,  0.16395075617E-008,  0.00000000000E+000,  0.17287656703E-010,  0.26255945248E-013,  0.00000000000E+000,  0.00000000000E+000
  0.91200000000E+003,  0.96382063890E-003,  0.16400691870E-008,  0.00000000000E+000,  0.17293578370E-010,  0.26264939802E-013,  0.00000000000E+000,  0.00000000000E+000
  0.93000000000E+003,  0.96389278944E-003,  0.16407115067E-008,  0.00000000000E+000,  0.17300350909E-010,  0.26275226688E-013,  0.00000000000E+000,  0.00000000000E+000
