"           TIME(S)","              HEAT","            FLOW_G","            FLOW_L","      FLOW_G_WATER","        FLOW_G_AIR","      FLOW_L_WATER","        FLOW_L_AIR"
  0.87600000000E+003,  0.19240438455E+000,  0.33309378193E-006,  0.00000000000E+000,  0.35122721144E-008,  0.53343451726E-011,  0.00000000000E+000,  0.00000000000E+000
  0.88800000000E+003,  0.19240161954E+000,  0.33308009495E-006,  0.00000000000E+000,  0.35121277805E-008,  0.53341259161E-011,  0.00000000000E+000,  0.00000000000E+000
  0.91200000000E+003,  0.19239818080E+000,  0.33307022659E-006,  0.00000000000E+000,  0.35120236911E-008,  0.53339678160E-011,  0.00000000000E+000,  0.00000000000E+000
  0.93000000000E+003,  0.19239754202E+000,  0.33307906721E-006,  0.00000000000E+000,  0.35121168780E-008,  0.53341093676E-011,  0.00000000000E+000,  0.00000000000E+000
