"           TIME(S)","              HEAT","            FLOW_G","            FLOW_L","      FLOW_G_WATER","        FLOW_G_AIR","      FLOW_L_WATER","        FLOW_L_AIR"
  0.87600000000E+003,  0.12447497729E-002,  0.21169572643E-008,  0.00000000000E+000,  0.22322086062E-010,  0.33902077905E-013,  0.00000000000E+000,  0.00000000000E+000
  0.88800000000E+003,  0.12447625475E-002,  0.21171175985E-008,  0.00000000000E+000,  0.22323776521E-010,  0.33904645654E-013,  0.00000000000E+000,  0.00000000000E+000
  0.91200000000E+003,  0.12448314761E-002,  0.21177987228E-008,  0.00000000000E+000,  0.22330958086E-010,  0.33915554020E-013,  0.00000000000E+000,  0.00000000000E+000
  0.93000000000E+003,  0.12449174861E-002,  0.21185953017E-008,  0.00000000000E+000,  0.22339357058E-010,  0.33928311406E-013,  0.00000000000E+000,  0.00000000000E+000
