"           TIME(S)","              HEAT","            FLOW_G","            FLOW_L","      FLOW_G_WATER","        FLOW_G_AIR","      FLOW_L_WATER","        FLOW_L_AIR"
  0.87600000000E+003,  0.27080970507E-002,  0.46040676600E-008,  0.00000000000E+000,  0.48547220176E-010,  0.73731982268E-013,  0.00000000000E+000,  0.00000000000E+000
  0.88800000000E+003,  0.27081025541E-002,  0.46042456900E-008,  0.00000000000E+000,  0.48549097066E-010,  0.73734833540E-013,  0.00000000000E+000,  0.00000000000E+000
  0.91200000000E+003,  0.27081982752E-002,  0.46053108847E-008,  0.00000000000E+000,  0.48560327954E-010,  0.73751892954E-013,  0.00000000000E+000,  0.00000000000E+000
  0.93000000000E+003,  0.27083474299E-002,  0.46067574158E-008,  0.00000000000E+000,  0.48575579779E-010,  0.73775059505E-013,  0.00000000000E+000,  0.00000000000E+000
