"           TIME(S)","              HEAT","            FLOW_G","            FLOW_L","      FLOW_G_WATER","        FLOW_G_AIR","      FLOW_L_WATER","        FLOW_L_AIR"
  0.87600000000E+003,  0.59530601457E-002,  0.10128079640E-007,  0.00000000000E+000,  0.10679470898E-009,  0.16219644254E-012,  0.00000000000E+000,  0.00000000000E+000
  0.88800000000E+003,  0.59527801640E-002,  0.10126027170E-007,  0.00000000000E+000,  0.10677306718E-009,  0.16216357276E-012,  0.00000000000E+000,  0.00000000000E+000
  0.91200000000E+003,  0.59528005396E-002,  0.10126781008E-007,  0.00000000000E+000,  0.10678101451E-009,  0.16217564606E-012,  0.00000000000E+000,  0.00000000000E+000
  0.93000000000E+003,  0.59530090223E-002,  0.10128963944E-007,  0.00000000000E+000,  0.10680403051E-009,  0.16221060646E-012,  0.00000000000E+000,  0.00000000000E+000
