"           TIME(S)","              HEAT","            FLOW_G","            FLOW_L","      FLOW_G_WATER","        FLOW_G_AIR","      FLOW_L_WATER","        FLOW_L_AIR"
  0.87600000000E+003,  0.10108393736E-001,  0.17218233818E-007,  0.00000000000E+000,  0.18155622865E-009,  0.27574194704E-012,  0.00000000000E+000,  0.00000000000E+000
  0.88800000000E+003,  0.10107950104E-001,  0.17215016118E-007,  0.00000000000E+000,  0.18152230028E-009,  0.27569041465E-012,  0.00000000000E+000,  0.00000000000E+000
  0.91200000000E+003,  0.10107727799E-001,  0.17214147672E-007,  0.00000000000E+000,  0.18151314145E-009,  0.27567650708E-012,  0.00000000000E+000,  0.00000000000E+000
  0.93000000000E+003,  0.10107892151E-001,  0.17216268122E-007,  0.00000000000E+000,  0.18153549800E-009,  0.27571046709E-012,  0.00000000000E+000,  0.00000000000E+000
