"           TIME(S)","              HEAT","            FLOW_G","            FLOW_L","      FLOW_G_WATER","        FLOW_G_AIR","      FLOW_L_WATER","        FLOW_L_AIR"
  0.87600000000E+003,  0.13187092309E-001,  0.22484707800E-007,  0.00000000000E+000,  0.23708809786E-009,  0.36008207189E-012,  0.00000000000E+000,  0.00000000000E+000
  0.88800000000E+003,  0.13186221949E-001,  0.22478081762E-007,  0.00000000000E+000,  0.23701823171E-009,  0.35997595626E-012,  0.00000000000E+000,  0.00000000000E+000
  0.91200000000E+003,  0.13185743054E-001,  0.22475393329E-007,  0.00000000000E+000,  0.23698988232E-009,  0.35993290159E-012,  0.00000000000E+000,  0.00000000000E+000
  0.93000000000E+003,  0.13185810400E-001,  0.22476947626E-007,  0.00000000000E+000,  0.23700626886E-009,  0.35995779480E-012,  0.00000000000E+000,  0.00000000000E+000
