"           TIME(S)","              HEAT","            FLOW_G","            FLOW_L","      FLOW_G_WATER","        FLOW_G_AIR","      FLOW_L_WATER","        FLOW_L_AIR"
  0.87600000000E+003,  0.79982971000E-004,  0.27050847082E-011,  0.00000000000E+000,  0.28508419135E-013,  0.00000000000E+000,  0.00000000000E+000,  0.00000000000E+000
  0.88800000000E+003,  0.79987407484E-004,  0.27382123071E-011,  0.00000000000E+000,  0.28857343508E-013,  0.00000000000E+000,  0.00000000000E+000,  0.00000000000E+000
  0.91200000000E+003,  0.79996228143E-004,  0.28040766545E-011,  0.00000000000E+000,  0.29551061049E-013,  0.00000000000E+000,  0.00000000000E+000,  0.00000000000E+000
  0.93000000000E+003,  0.80002814396E-004,  0.28532565771E-011,  0.00000000000E+000,  0.30069036995E-013,  0.00000000000E+000,  0.00000000000E+000,  0.00000000000E+000
