"           TIME(S)","              HEAT","            FLOW_G","            FLOW_L","      FLOW_G_WATER","        FLOW_G_AIR","      FLOW_L_WATER","        FLOW_L_AIR"
  0.87600000000E+003,  0.45264486418E-003,  0.77053900210E-009,  0.00000000000E+000,  0.81248887252E-011,  0.12339821595E-013,  0.00000000000E+000,  0.00000000000E+000
  0.88800000000E+003,  0.45265274411E-003,  0.77057331275E-009,  0.00000000000E+000,  0.81252505589E-011,  0.12340371084E-013,  0.00000000000E+000,  0.00000000000E+000
  0.91200000000E+003,  0.45269613456E-003,  0.77087546444E-009,  0.00000000000E+000,  0.81284365651E-011,  0.12345210106E-013,  0.00000000000E+000,  0.00000000000E+000
  0.93000000000E+003,  0.45274100707E-003,  0.77120612689E-009,  0.00000000000E+000,  0.81319231568E-011,  0.12350505732E-013,  0.00000000000E+000,  0.00000000000E+000
