"           TIME(S)","              HEAT","            FLOW_G","            FLOW_L","      FLOW_G_WATER","        FLOW_G_AIR","      FLOW_L_WATER","        FLOW_L_AIR"
  0.87600000000E+003,  0.45738684419E-002,  0.77780387661E-008,  0.00000000000E+000,  0.82014901519E-010,  0.12456163953E-012,  0.00000000000E+000,  0.00000000000E+000
  0.88800000000E+003,  0.45737763229E-002,  0.77775036421E-008,  0.00000000000E+000,  0.82009258714E-010,  0.12455306977E-012,  0.00000000000E+000,  0.00000000000E+000
  0.91200000000E+003,  0.45738454455E-002,  0.77785540004E-008,  0.00000000000E+000,  0.82020332761E-010,  0.12456989175E-012,  0.00000000000E+000,  0.00000000000E+000
  0.93000000000E+003,  0.45740387649E-002,  0.77805259179E-008,  0.00000000000E+000,  0.82041123951E-010,  0.12460147256E-012,  0.00000000000E+000,  0.00000000000E+000
