"           TIME(S)","              HEAT","            FLOW_G","            FLOW_L","      FLOW_G_WATER","        FLOW_G_AIR","      FLOW_L_WATER","        FLOW_L_AIR"
  0.87600000000E+003,  0.35345277204E-003,  0.60182573257E-009,  0.00000000000E+000,  0.63459053913E-011,  0.96379577064E-014,  0.00000000000E+000,  0.00000000000E+000
  0.88800000000E+003,  0.35345693420E-003,  0.60184982544E-009,  0.00000000000E+000,  0.63461594477E-011,  0.96383435581E-014,  0.00000000000E+000,  0.00000000000E+000
  0.91200000000E+003,  0.35348956867E-003,  0.60209406999E-009,  0.00000000000E+000,  0.63487348183E-011,  0.96422551836E-014,  0.00000000000E+000,  0.00000000000E+000
  0.93000000000E+003,  0.35352413643E-003,  0.60235852560E-009,  0.00000000000E+000,  0.63515232861E-011,  0.96464904927E-014,  0.00000000000E+000,  0.00000000000E+000
