"           TIME(S)","              HEAT","            FLOW_G","            FLOW_L","      FLOW_G_WATER","        FLOW_G_AIR","      FLOW_L_WATER","        FLOW_L_AIR"
  0.87600000000E+003,  0.22476115546E-001,  0.38415669945E-007,  0.00000000000E+000,  0.40507063478E-009,  0.61520904062E-012,  0.00000000000E+000,  0.00000000000E+000
  0.88800000000E+003,  0.22475634580E-001,  0.38412749586E-007,  0.00000000000E+000,  0.40503984040E-009,  0.61516226383E-012,  0.00000000000E+000,  0.00000000000E+000
  0.91200000000E+003,  0.22474382242E-001,  0.38404477232E-007,  0.00000000000E+000,  0.40495261249E-009,  0.61502978151E-012,  0.00000000000E+000,  0.00000000000E+000
  0.93000000000E+003,  0.22473959472E-001,  0.38402596770E-007,  0.00000000000E+000,  0.40493278168E-009,  0.61499966716E-012,  0.00000000000E+000,  0.00000000000E+000
