"           TIME(S)","              HEAT","            FLOW_G","            FLOW_L","      FLOW_G_WATER","        FLOW_G_AIR","      FLOW_L_WATER","        FLOW_L_AIR"
  0.87600000000E+003,  0.17210384189E-001,  0.29380592798E-007,  0.00000000000E+000,  0.30980111779E-009,  0.47051646565E-012,  0.00000000000E+000,  0.00000000000E+000
  0.88800000000E+003,  0.17209083653E-001,  0.29370551079E-007,  0.00000000000E+000,  0.30969523641E-009,  0.47035564656E-012,  0.00000000000E+000,  0.00000000000E+000
  0.91200000000E+003,  0.17208252689E-001,  0.29365286851E-007,  0.00000000000E+000,  0.30963972715E-009,  0.47027134019E-012,  0.00000000000E+000,  0.00000000000E+000
  0.93000000000E+003,  0.17208140907E-001,  0.29365620399E-007,  0.00000000000E+000,  0.30964324158E-009,  0.47027668320E-012,  0.00000000000E+000,  0.00000000000E+000
