"           TIME(S)","              HEAT","            FLOW_G","            FLOW_L","      FLOW_G_WATER","        FLOW_G_AIR","      FLOW_L_WATER","        FLOW_L_AIR"
  0.87600000000E+003,  0.14706733670E+000,  0.25451142150E-006,  0.00000000000E+000,  0.26836691001E-008,  0.40758841868E-011,  0.00000000000E+000,  0.00000000000E+000
  0.88800000000E+003,  0.14705745967E+000,  0.25443597378E-006,  0.00000000000E+000,  0.26828735679E-008,  0.40746759006E-011,  0.00000000000E+000,  0.00000000000E+000
  0.91200000000E+003,  0.14704703777E+000,  0.25436320539E-006,  0.00000000000E+000,  0.26821062721E-008,  0.40735104953E-011,  0.00000000000E+000,  0.00000000000E+000
  0.93000000000E+003,  0.14704198098E+000,  0.25433173155E-006,  0.00000000000E+000,  0.26817743916E-008,  0.40730064247E-011,  0.00000000000E+000,  0.00000000000E+000
