"           TIME(S)","              HEAT","            FLOW_G","            FLOW_L","      FLOW_G_WATER","        FLOW_G_AIR","      FLOW_L_WATER","        FLOW_L_AIR"
  0.87600000000E+003,  0.65646298136E-001,  0.11306656532E-006,  0.00000000000E+000,  0.11922193011E-008,  0.18107089448E-011,  0.00000000000E+000,  0.00000000000E+000
  0.88800000000E+003,  0.65641987833E-001,  0.11303370057E-006,  0.00000000000E+000,  0.11918727698E-008,  0.18101825976E-011,  0.00000000000E+000,  0.00000000000E+000
  0.91200000000E+003,  0.65635346103E-001,  0.11298453741E-006,  0.00000000000E+000,  0.11913543822E-008,  0.18093952366E-011,  0.00000000000E+000,  0.00000000000E+000
  0.93000000000E+003,  0.65631585328E-001,  0.11295788277E-006,  0.00000000000E+000,  0.11910733269E-008,  0.18089683583E-011,  0.00000000000E+000,  0.00000000000E+000
