"           TIME(S)","              HEAT","            FLOW_G","            FLOW_L","      FLOW_G_WATER","        FLOW_G_AIR","      FLOW_L_WATER","        FLOW_L_AIR"
  0.87600000000E+003,  0.29363664351E-001,  0.50271740962E-007,  0.00000000000E+000,  0.53008581983E-009,  0.80507853508E-012,  0.00000000000E+000,  0.00000000000E+000
  0.88800000000E+003,  0.29362965705E-001,  0.50267337745E-007,  0.00000000000E+000,  0.53003938956E-009,  0.80500801716E-012,  0.00000000000E+000,  0.00000000000E+000
  0.91200000000E+003,  0.29360851008E-001,  0.50252524647E-007,  0.00000000000E+000,  0.52988319486E-009,  0.80477078528E-012,  0.00000000000E+000,  0.00000000000E+000
  0.93000000000E+003,  0.29359910489E-001,  0.50246818786E-007,  0.00000000000E+000,  0.52982302811E-009,  0.80467940706E-012,  0.00000000000E+000,  0.00000000000E+000
