"           TIME(S)","              HEAT","            FLOW_G","            FLOW_L","      FLOW_G_WATER","        FLOW_G_AIR","      FLOW_L_WATER","        FLOW_L_AIR"
  0.87600000000E+003,  0.35171431903E-002,  0.59798759750E-008,  0.00000000000E+000,  0.63054319841E-010,  0.95764906298E-013,  0.00000000000E+000,  0.00000000000E+000
  0.88800000000E+003,  0.35171211784E-002,  0.59798634796E-008,  0.00000000000E+000,  0.63054187754E-010,  0.95764706351E-013,  0.00000000000E+000,  0.00000000000E+000
  0.91200000000E+003,  0.35172140755E-002,  0.59809849590E-008,  0.00000000000E+000,  0.63066011952E-010,  0.95782667242E-013,  0.00000000000E+000,  0.00000000000E+000
  0.93000000000E+003,  0.35173877154E-002,  0.59826965772E-008,  0.00000000000E+000,  0.63084058735E-010,  0.95810079251E-013,  0.00000000000E+000,  0.00000000000E+000
