"           TIME(S)","              HEAT","            FLOW_G","            FLOW_L","      FLOW_G_WATER","        FLOW_G_AIR","      FLOW_L_WATER","        FLOW_L_AIR"
  0.87600000000E+003,  0.27669646179E-003,  0.47130397962E-009,  0.00000000000E+000,  0.49696286772E-011,  0.75517627557E-014,  0.00000000000E+000,  0.00000000000E+000
  0.88800000000E+003,  0.27670167364E-003,  0.47132436784E-009,  0.00000000000E+000,  0.49698436964E-011,  0.75521428074E-014,  0.00000000000E+000,  0.00000000000E+000
  0.91200000000E+003,  0.27673037505E-003,  0.47152168830E-009,  0.00000000000E+000,  0.49719243271E-011,  0.75554106698E-014,  0.00000000000E+000,  0.00000000000E+000
  0.93000000000E+003,  0.27675932987E-003,  0.47173329769E-009,  0.00000000000E+000,  0.49741555962E-011,  0.75588806792E-014,  0.00000000000E+000,  0.00000000000E+000
