"           TIME(S)","              HEAT","            FLOW_G","            FLOW_L","      FLOW_G_WATER","        FLOW_G_AIR","      FLOW_L_WATER","        FLOW_L_AIR"
  0.87600000000E+003,  0.58108189585E-003,  0.98896478113E-009,  0.00000000000E+000,  0.10428061296E-010,  0.15837807977E-013,  0.00000000000E+000,  0.00000000000E+000
  0.88800000000E+003,  0.58109102685E-003,  0.98900850095E-009,  0.00000000000E+000,  0.10428522342E-010,  0.15838508156E-013,  0.00000000000E+000,  0.00000000000E+000
  0.91200000000E+003,  0.58114324477E-003,  0.98938157627E-009,  0.00000000000E+000,  0.10432456172E-010,  0.15844483034E-013,  0.00000000000E+000,  0.00000000000E+000
  0.93000000000E+003,  0.58119827681E-003,  0.98979487757E-009,  0.00000000000E+000,  0.10436814112E-010,  0.15851102138E-013,  0.00000000000E+000,  0.00000000000E+000
