"           TIME(S)","              PRES","              TEMP","             SAT_G","             SAT_L"
  0.87600000000E+003,  0.11205793987E+006,  0.20264580661E+002,  0.49932481691E+000,  0.50067518309E+000
  0.88800000000E+003,  0.11199310701E+006,  0.20238774366E+002,  0.49932686801E+000,  0.50067313199E+000
  0.91200000000E+003,  0.11186549631E+006,  0.20184230602E+002,  0.49933129640E+000,  0.50066870360E+000
  0.93000000000E+003,  0.11177086905E+006,  0.20141974763E+002,  0.49933476312E+000,  0.50066523688E+000
