"           TIME(S)","              HEAT","            FLOW_G","            FLOW_L","      FLOW_G_WATER","        FLOW_G_AIR","      FLOW_L_WATER","        FLOW_L_AIR"
  0.59400000000E+004,  0.17881218790E+002,  0.00000000000E+000,  0.40903751843E-003,  0.00000000000E+000,  0.00000000000E+000,  0.13156977236E-005,  0.15947675053E-007
  0.61200000000E+004,  0.17880643886E+002,  0.00000000000E+000,  0.40902435783E-003,  0.00000000000E+000,  0.00000000000E+000,  0.13156554495E-005,  0.15947161297E-007
  0.64800000000E+004,  0.17879610351E+002,  0.00000000000E+000,  0.40900069643E-003,  0.00000000000E+000,  0.00000000000E+000,  0.13155794454E-005,  0.15946237623E-007
  0.67500000000E+004,  0.17878894418E+002,  0.00000000000E+000,  0.40898430505E-003,  0.00000000000E+000,  0.00000000000E+000,  0.13155267941E-005,  0.15945597754E-007
