"           TIME(S)","              PRES","              TEMP","             SAT_G","             SAT_L"
  0.59400000000E+004,  0.10134343647E+006,  0.99999987254E+001,  0.89953899400E+000,  0.10046100600E+000
  0.61200000000E+004,  0.10134343659E+006,  0.99999986014E+001,  0.89953899401E+000,  0.10046100599E+000
  0.64800000000E+004,  0.10134343682E+006,  0.99999983218E+001,  0.89953899401E+000,  0.10046100599E+000
  0.67500000000E+004,  0.10134343699E+006,  0.99999980936E+001,  0.89953899402E+000,  0.10046100598E+000
