"           TIME(S)","              PRES","              TEMP","             SAT_G","             SAT_L"
  0.59400000000E+004,  0.10134347319E+006,  0.99999987317E+001,  0.89953899400E+000,  0.10046100600E+000
  0.61200000000E+004,  0.10134347338E+006,  0.99999986077E+001,  0.89953899401E+000,  0.10046100599E+000
  0.64800000000E+004,  0.10134347371E+006,  0.99999983281E+001,  0.89953899401E+000,  0.10046100599E+000
  0.67500000000E+004,  0.10134347395E+006,  0.99999980999E+001,  0.89953899402E+000,  0.10046100598E+000
