"           TIME(S)","              PRES","              TEMP","             SAT_G","             SAT_L"
  0.59400000000E+004,  0.79215499246E+006,  0.11764249208E+002,  0.00000000000E+000,  0.10000000000E+001
  0.61200000000E+004,  0.79228890229E+006,  0.11776688000E+002,  0.00000000000E+000,  0.10000000000E+001
  0.64800000000E+004,  0.79255455224E+006,  0.11801330322E+002,  0.00000000000E+000,  0.10000000000E+001
  0.67500000000E+004,  0.79275293776E+006,  0.11819681127E+002,  0.00000000000E+000,  0.10000000000E+001
