"           TIME(S)","              PRES","              TEMP","             SAT_G","             SAT_L"
  0.59400000000E+004,  0.79068335740E+006,  0.10885002560E+002,  0.00000000000E+000,  0.10000000000E+001
  0.61200000000E+004,  0.79068335725E+006,  0.10885002630E+002,  0.00000000000E+000,  0.10000000000E+001
  0.64800000000E+004,  0.79068335690E+006,  0.10885002768E+002,  0.00000000000E+000,  0.10000000000E+001
  0.67500000000E+004,  0.79068335663E+006,  0.10885002872E+002,  0.00000000000E+000,  0.10000000000E+001
