"           TIME(S)","              PRES","              TEMP","             SAT_G","             SAT_L"
  0.59400000000E+004,  0.31094928746E+006,  0.10979335603E+002,  0.00000000000E+000,  0.10000000000E+001
  0.61200000000E+004,  0.31101366681E+006,  0.10985976178E+002,  0.00000000000E+000,  0.10000000000E+001
  0.64800000000E+004,  0.31114135923E+006,  0.10999136445E+002,  0.00000000000E+000,  0.10000000000E+001
  0.67500000000E+004,  0.31123663704E+006,  0.11008939336E+002,  0.00000000000E+000,  0.10000000000E+001
