"           TIME(S)","              PRES","              TEMP","             SAT_G","             SAT_L"
  0.59400000000E+004,  0.77597359590E+006,  0.10885002719E+002,  0.00000000000E+000,  0.10000000000E+001
  0.61200000000E+004,  0.77597359711E+006,  0.10885002797E+002,  0.00000000000E+000,  0.10000000000E+001
  0.64800000000E+004,  0.77597359958E+006,  0.10885002953E+002,  0.00000000000E+000,  0.10000000000E+001
  0.67500000000E+004,  0.77597360145E+006,  0.10885003070E+002,  0.00000000000E+000,  0.10000000000E+001
