"           TIME(S)","              PRES","              TEMP","             SAT_G","             SAT_L"
  0.59400000000E+004,  0.29829497506E+006,  0.10397501480E+002,  0.00000000000E+000,  0.10000000000E+001
  0.61200000000E+004,  0.29829492928E+006,  0.10397501527E+002,  0.00000000000E+000,  0.10000000000E+001
  0.64800000000E+004,  0.29829484646E+006,  0.10397501621E+002,  0.00000000000E+000,  0.10000000000E+001
  0.67500000000E+004,  0.29829478874E+006,  0.10397501692E+002,  0.00000000000E+000,  0.10000000000E+001
