"           TIME(S)","              HEAT","            FLOW_G","            FLOW_L","      FLOW_G_WATER","        FLOW_G_AIR","      FLOW_L_WATER","        FLOW_L_AIR"
  0.31535160000E+008,  0.11254835511E+000, -0.10821725618E-008,  0.00000000000E+000, -0.56814059494E-011, -0.00000000000E+000,  0.00000000000E+000,  0.00000000000E+000
  0.31535280000E+008,  0.11254469074E+000, -0.10818735836E-008,  0.00000000000E+000, -0.56798363140E-011, -0.00000000000E+000,  0.00000000000E+000,  0.00000000000E+000
  0.31535520000E+008,  0.11253736283E+000, -0.10813032925E-008,  0.00000000000E+000, -0.56768422856E-011, -0.00000000000E+000,  0.00000000000E+000,  0.00000000000E+000
  0.31535700000E+008,  0.11253186794E+000, -0.10808885662E-008,  0.00000000000E+000, -0.56746649727E-011, -0.00000000000E+000,  0.00000000000E+000,  0.00000000000E+000
