"           TIME(S)","              HEAT","            FLOW_G","            FLOW_L","      FLOW_G_WATER","        FLOW_G_AIR","      FLOW_L_WATER","        FLOW_L_AIR"
  0.31535160000E+008,  0.18704480211E-001, -0.18053987670E-009,  0.00000000000E+000, -0.94783435267E-012, -0.00000000000E+000,  0.00000000000E+000,  0.00000000000E+000
  0.31535280000E+008,  0.18703864669E-001, -0.18048952981E-009,  0.00000000000E+000, -0.94757003152E-012, -0.00000000000E+000,  0.00000000000E+000,  0.00000000000E+000
  0.31535520000E+008,  0.18702634120E-001, -0.18039342524E-009,  0.00000000000E+000, -0.94706548250E-012, -0.00000000000E+000,  0.00000000000E+000,  0.00000000000E+000
  0.31535700000E+008,  0.18701711533E-001, -0.18032356045E-009,  0.00000000000E+000, -0.94669869236E-012, -0.00000000000E+000,  0.00000000000E+000,  0.00000000000E+000
