"           TIME(S)","              HEAT","            FLOW_G","            FLOW_L","      FLOW_G_WATER","        FLOW_G_AIR","      FLOW_L_WATER","        FLOW_L_AIR"
  0.31535160000E+008,  0.16499520537E+002, -0.12549947771E-006,  0.00000000000E+000, -0.65887225798E-009, -0.00000000000E+000,  0.00000000000E+000,  0.00000000000E+000
  0.31535280000E+008,  0.16499045832E+002, -0.12547714590E-006,  0.00000000000E+000, -0.65875501598E-009, -0.00000000000E+000,  0.00000000000E+000,  0.00000000000E+000
  0.31535520000E+008,  0.16498097092E+002, -0.12543185177E-006,  0.00000000000E+000, -0.65851722177E-009, -0.00000000000E+000,  0.00000000000E+000,  0.00000000000E+000
  0.31535700000E+008,  0.16497385917E+002, -0.12539769385E-006,  0.00000000000E+000, -0.65833789270E-009, -0.00000000000E+000,  0.00000000000E+000,  0.00000000000E+000
