"           TIME(S)","              HEAT","            FLOW_G","            FLOW_L","      FLOW_G_WATER","        FLOW_G_AIR","      FLOW_L_WATER","        FLOW_L_AIR"
  0.31535160000E+008,  0.17156605380E+001, -0.15087079401E-007,  0.00000000000E+000, -0.79207166854E-010, -0.00000000000E+000,  0.00000000000E+000,  0.00000000000E+000
  0.31535280000E+008,  0.17156051664E+001, -0.15083384491E-007,  0.00000000000E+000, -0.79187768576E-010, -0.00000000000E+000,  0.00000000000E+000,  0.00000000000E+000
  0.31535520000E+008,  0.17154944770E+001, -0.15076282787E-007,  0.00000000000E+000, -0.79150484630E-010, -0.00000000000E+000,  0.00000000000E+000,  0.00000000000E+000
  0.31535700000E+008,  0.17154114959E+001, -0.15071079604E-007,  0.00000000000E+000, -0.79123167922E-010, -0.00000000000E+000,  0.00000000000E+000,  0.00000000000E+000
