"           TIME(S)","              HEAT","            FLOW_G","            FLOW_L","      FLOW_G_WATER","        FLOW_G_AIR","      FLOW_L_WATER","        FLOW_L_AIR"
  0.31535160000E+008,  0.40250804888E+001, -0.33319002994E-007,  0.00000000000E+000, -0.17492476572E-009, -0.00000000000E+000,  0.00000000000E+000,  0.00000000000E+000
  0.31535280000E+008,  0.40249530846E+001, -0.33311688934E-007,  0.00000000000E+000, -0.17488636690E-009, -0.00000000000E+000,  0.00000000000E+000,  0.00000000000E+000
  0.31535520000E+008,  0.40246984218E+001, -0.33297371818E-007,  0.00000000000E+000, -0.17481120204E-009, -0.00000000000E+000,  0.00000000000E+000,  0.00000000000E+000
  0.31535700000E+008,  0.40245075068E+001, -0.33286791516E-007,  0.00000000000E+000, -0.17475565546E-009, -0.00000000000E+000,  0.00000000000E+000,  0.00000000000E+000
