"           TIME(S)","              HEAT","            FLOW_G","            FLOW_L","      FLOW_G_WATER","        FLOW_G_AIR","      FLOW_L_WATER","        FLOW_L_AIR"
  0.31535160000E+008,  0.56342309313E+000, -0.52423048245E-008,  0.00000000000E+000, -0.27522100329E-010, -0.00000000000E+000,  0.00000000000E+000,  0.00000000000E+000
  0.31535280000E+008,  0.56340512758E+000, -0.52409078570E-008,  0.00000000000E+000, -0.27514766249E-010, -0.00000000000E+000,  0.00000000000E+000,  0.00000000000E+000
  0.31535520000E+008,  0.56336920691E+000, -0.52382536752E-008,  0.00000000000E+000, -0.27500831795E-010, -0.00000000000E+000,  0.00000000000E+000,  0.00000000000E+000
  0.31535700000E+008,  0.56334227416E+000, -0.52363197098E-008,  0.00000000000E+000, -0.27490678477E-010, -0.00000000000E+000,  0.00000000000E+000,  0.00000000000E+000
