"           TIME(S)","              HEAT","            FLOW_G","            FLOW_L","      FLOW_G_WATER","        FLOW_G_AIR","      FLOW_L_WATER","        FLOW_L_AIR"
  0.31535160000E+008,  0.74190796786E+000, -0.68276279676E-008,  0.00000000000E+000, -0.35845046830E-010, -0.00000000000E+000,  0.00000000000E+000,  0.00000000000E+000
  0.31535280000E+008,  0.74188427845E+000, -0.68258353149E-008,  0.00000000000E+000, -0.35835635403E-010, -0.00000000000E+000,  0.00000000000E+000,  0.00000000000E+000
  0.31535520000E+008,  0.74183691740E+000, -0.68224249016E-008,  0.00000000000E+000, -0.35817730734E-010, -0.00000000000E+000,  0.00000000000E+000,  0.00000000000E+000
  0.31535700000E+008,  0.74180140965E+000, -0.68199376773E-008,  0.00000000000E+000, -0.35804672806E-010, -0.00000000000E+000,  0.00000000000E+000,  0.00000000000E+000
