"           TIME(S)","              HEAT","            FLOW_G","            FLOW_L","      FLOW_G_WATER","        FLOW_G_AIR","      FLOW_L_WATER","        FLOW_L_AIR"
  0.31535160000E+008,  0.94384372507E+001, -0.73685478048E-007,  0.00000000000E+000, -0.38684875975E-009, -0.00000000000E+000,  0.00000000000E+000,  0.00000000000E+000
  0.31535280000E+008,  0.94381568243E+001, -0.73671346226E-007,  0.00000000000E+000, -0.38677456769E-009, -0.00000000000E+000,  0.00000000000E+000,  0.00000000000E+000
  0.31535520000E+008,  0.94375963266E+001, -0.73643039312E-007,  0.00000000000E+000, -0.38662595639E-009, -0.00000000000E+000,  0.00000000000E+000,  0.00000000000E+000
  0.31535700000E+008,  0.94371761571E+001, -0.73621854659E-007,  0.00000000000E+000, -0.38651473696E-009, -0.00000000000E+000,  0.00000000000E+000,  0.00000000000E+000
