"           TIME(S)","              HEAT","            FLOW_G","            FLOW_L"
  0.31536000000E+008,  0.80311789322E-002,  0.00000000000E+000,  0.11876834075E-014
