"           TIME(S)","              HEAT","            FLOW_G","            FLOW_L"
  0.31536000000E+008,  0.14768180320E+001,  0.00000000000E+000,  0.51627591922E-013
