"           TIME(S)","              HEAT","            FLOW_G","            FLOW_L"
  0.31536000000E+008,  0.56338082975E-001,  0.00000000000E+000,  0.45218531863E-014
