"           TIME(S)","              HEAT","            FLOW_G","            FLOW_L"
  0.31536000000E+008,  0.38593065405E-003,  0.00000000000E+000,  0.87507588378E-016
