"           TIME(S)","              HEAT","            FLOW_G","            FLOW_L"
  0.31536000000E+008,  0.45882771703E-004,  0.00000000000E+000,  0.13364047227E-015
