"           TIME(S)","              HEAT","            FLOW_G","            FLOW_L"
  0.31536000000E+008,  0.12591626013E+000,  0.00000000000E+000,  0.77625672928E-014
