"           TIME(S)","              HEAT","            FLOW_G","            FLOW_L"
  0.31536000000E+008,  0.14093431234E-003,  0.00000000000E+000,  0.32354458914E-016
