"           TIME(S)","              HEAT","            FLOW_G","            FLOW_L"
  0.31536000000E+008,  0.15460626364E-002,  0.00000000000E+000,  0.31718738716E-015
