"           TIME(S)","              HEAT","            FLOW_G","            FLOW_L"
  0.31536000000E+008,  0.50211145105E-003,  0.00000000000E+000,  0.11276470606E-015
