"           TIME(S)","              HEAT","            FLOW_G","            FLOW_L"
  0.31536000000E+008,  0.23112784380E-003,  0.00000000000E+000,  0.52941913169E-016
