"           TIME(S)","              HEAT","            FLOW_G","            FLOW_L"
  0.31536000000E+008,  0.29789562935E-003,  0.00000000000E+000,  0.67980642264E-016
