"           TIME(S)","              HEAT","            FLOW_G","            FLOW_L"
  0.31536000000E+008,  0.20949942075E-002,  0.00000000000E+000,  0.41202573822E-015
