"           TIME(S)","              HEAT","            FLOW_G","            FLOW_L"
  0.31536000000E+008,  0.18010951842E-003,  0.00000000000E+000,  0.41331189740E-016
