"           TIME(S)","              HEAT","            FLOW_G","            FLOW_L"
  0.31536000000E+008,  0.11526760709E-002,  0.00000000000E+000,  0.24439527880E-015
