"           TIME(S)","              HEAT","            FLOW_G","            FLOW_L"
  0.31536000000E+008,  0.84371875248E-001,  0.00000000000E+000,  0.59243266503E-014
