"           TIME(S)","              HEAT","            FLOW_G","            FLOW_L"
  0.31536000000E+008,  0.27382308014E+000,  0.00000000000E+000,  0.13342745945E-013
