"           TIME(S)","              HEAT","            FLOW_G","            FLOW_L"
  0.31536000000E+008,  0.56649212654E+000,  0.00000000000E+000,  0.22973229180E-013
