"           TIME(S)","              HEAT","            FLOW_G","            FLOW_L"
  0.31536000000E+008,  0.39917256727E-002,  0.00000000000E+000,  0.69838592607E-015
