"           TIME(S)","              HEAT","            FLOW_G","            FLOW_L"
  0.31536000000E+008,  0.11628235107E-001,  0.00000000000E+000,  0.15502118316E-014
