"           TIME(S)","              HEAT","            FLOW_G","            FLOW_L"
  0.31536000000E+008,  0.86741453816E-003,  0.00000000000E+000,  0.18859285631E-015
