"           TIME(S)","              HEAT","            FLOW_G","            FLOW_L"
  0.31536000000E+008,  0.39675739891E+000,  0.00000000000E+000,  0.17517104035E-013
