"           TIME(S)","              HEAT","            FLOW_G","            FLOW_L"
  0.31536000000E+008,  0.79565817576E+000,  0.00000000000E+000,  0.30035432178E-013
