"           TIME(S)","              HEAT","            FLOW_G","            FLOW_L"
  0.31536000000E+008,  0.25233664018E-001,  0.00000000000E+000,  0.26425053589E-014
