"           TIME(S)","              HEAT","            FLOW_G","            FLOW_L"
  0.31536000000E+008,  0.56233186993E-002,  0.00000000000E+000,  0.91056507013E-015
