"           TIME(S)","              HEAT","            FLOW_G","            FLOW_L"
  0.31536000000E+008,  0.28732094784E-002,  0.00000000000E+000,  0.53606271648E-015
