"           TIME(S)","              HEAT","            FLOW_G","            FLOW_L"
  0.31536000000E+008,  0.10964171373E+001,  0.00000000000E+000,  0.39396611245E-013
