"           TIME(S)","              PRES","              TEMP","             SAT_G","             SAT_L"
  0.31536000000E+008,  0.15595650000E+007,  0.11387999535E+002,  0.00000000000E+000,  0.10000000000E+001
