"           TIME(S)","              PRES","              TEMP","             SAT_G","             SAT_L"
  0.31536000000E+008,  0.64274802201E+006,  0.83040344181E+001,  0.00000000000E+000,  0.10000000000E+001
