"           TIME(S)","              PRES","              TEMP","             SAT_G","             SAT_L"
  0.31536000000E+008,  0.14970005667E+006,  0.80172743897E+001,  0.00000000000E+000,  0.10000000000E+001
