"           TIME(S)","              HEAT","            FLOW_G","            FLOW_L","      FLOW_G_WATER","        FLOW_G_AIR","      FLOW_L_WATER","        FLOW_L_AIR"
  0.15579600000E+006,  0.11082067580E+000,  0.70683582855E-006,  0.00000000000E+000,  0.74499028382E-008,  0.11325729657E-010,  0.00000000000E+000,  0.00000000000E+000
  0.15580800000E+006,  0.11083501001E+000,  0.70695432336E-006,  0.00000000000E+000,  0.74511510757E-008,  0.11327629410E-010,  0.00000000000E+000,  0.00000000000E+000
  0.15583200000E+006,  0.11086347541E+000,  0.70718962312E-006,  0.00000000000E+000,  0.74536297492E-008,  0.11331401843E-010,  0.00000000000E+000,  0.00000000000E+000
  0.15585000000E+006,  0.11088484398E+000,  0.70736626711E-006,  0.00000000000E+000,  0.74554905356E-008,  0.11334233878E-010,  0.00000000000E+000,  0.00000000000E+000
