"           TIME(S)","              HEAT","            FLOW_G","            FLOW_L","      FLOW_G_WATER","        FLOW_G_AIR","      FLOW_L_WATER","        FLOW_L_AIR"
  0.15579600000E+006,  0.24087758489E+000,  0.15784724970E-005,  0.00000000000E+000,  0.16635236951E-007,  0.25292125703E-010,  0.00000000000E+000,  0.00000000000E+000
  0.15580800000E+006,  0.24091147708E+000,  0.15787526841E-005,  0.00000000000E+000,  0.16638188201E-007,  0.25296617760E-010,  0.00000000000E+000,  0.00000000000E+000
  0.15583200000E+006,  0.24097672963E+000,  0.15792918631E-005,  0.00000000000E+000,  0.16643867454E-007,  0.25305262074E-010,  0.00000000000E+000,  0.00000000000E+000
  0.15585000000E+006,  0.24102492831E+000,  0.15796900476E-005,  0.00000000000E+000,  0.16648061592E-007,  0.25311645941E-010,  0.00000000000E+000,  0.00000000000E+000
