"           TIME(S)","              HEAT","            FLOW_G","            FLOW_L","      FLOW_G_WATER","        FLOW_G_AIR","      FLOW_L_WATER","        FLOW_L_AIR"
  0.15579600000E+006,  0.12688928622E-002,  0.85330969432E-008,  0.00000000000E+000,  0.89921055266E-010,  0.13672773925E-012,  0.00000000000E+000,  0.00000000000E+000
  0.15580800000E+006,  0.12689939317E-002,  0.85344872358E-008,  0.00000000000E+000,  0.89935682481E-010,  0.13675002958E-012,  0.00000000000E+000,  0.00000000000E+000
  0.15583200000E+006,  0.12691995465E-002,  0.85372915029E-008,  0.00000000000E+000,  0.89965186455E-010,  0.13679498991E-012,  0.00000000000E+000,  0.00000000000E+000
  0.15585000000E+006,  0.12693551860E-002,  0.85394044629E-008,  0.00000000000E+000,  0.89987417263E-010,  0.13682886663E-012,  0.00000000000E+000,  0.00000000000E+000
