"           TIME(S)","              HEAT","            FLOW_G","            FLOW_L","      FLOW_G_WATER","        FLOW_G_AIR","      FLOW_L_WATER","        FLOW_L_AIR"
  0.15579600000E+006,  0.34757174063E-002,  0.23267381315E-007,  0.00000000000E+000,  0.24519337099E-009,  0.37281831452E-012,  0.00000000000E+000,  0.00000000000E+000
  0.15580800000E+006,  0.34760020036E-002,  0.23271192900E-007,  0.00000000000E+000,  0.24523347494E-009,  0.37287942481E-012,  0.00000000000E+000,  0.00000000000E+000
  0.15583200000E+006,  0.34765748422E-002,  0.23278847133E-007,  0.00000000000E+000,  0.24531400989E-009,  0.37300214369E-012,  0.00000000000E+000,  0.00000000000E+000
  0.15585000000E+006,  0.34770075751E-002,  0.23284614130E-007,  0.00000000000E+000,  0.24537468828E-009,  0.37309460490E-012,  0.00000000000E+000,  0.00000000000E+000
