"           TIME(S)","              HEAT","            FLOW_G","            FLOW_L","      FLOW_G_WATER","        FLOW_G_AIR","      FLOW_L_WATER","        FLOW_L_AIR"
  0.15579600000E+006,  0.26909177874E-002,  0.18058699862E-007,  0.00000000000E+000,  0.19030234066E-009,  0.28935853358E-012,  0.00000000000E+000,  0.00000000000E+000
  0.15580800000E+006,  0.26911334623E-002,  0.18061646630E-007,  0.00000000000E+000,  0.19033334407E-009,  0.28940577856E-012,  0.00000000000E+000,  0.00000000000E+000
  0.15583200000E+006,  0.26915705451E-002,  0.18067585578E-007,  0.00000000000E+000,  0.19039582919E-009,  0.28950099662E-012,  0.00000000000E+000,  0.00000000000E+000
  0.15585000000E+006,  0.26919009635E-002,  0.18072060312E-007,  0.00000000000E+000,  0.19044290917E-009,  0.28957273923E-012,  0.00000000000E+000,  0.00000000000E+000
