"           TIME(S)","              HEAT","            FLOW_G","            FLOW_L","      FLOW_G_WATER","        FLOW_G_AIR","      FLOW_L_WATER","        FLOW_L_AIR"
  0.15579600000E+006,  0.58606307236E-002,  0.38888769135E-007,  0.00000000000E+000,  0.40982465413E-009,  0.62312285697E-012,  0.00000000000E+000,  0.00000000000E+000
  0.15580800000E+006,  0.58611181395E-002,  0.38895128472E-007,  0.00000000000E+000,  0.40989156940E-009,  0.62322481479E-012,  0.00000000000E+000,  0.00000000000E+000
  0.15583200000E+006,  0.58621034014E-002,  0.38907930647E-007,  0.00000000000E+000,  0.41002627939E-009,  0.62343006925E-012,  0.00000000000E+000,  0.00000000000E+000
  0.15585000000E+006,  0.58628478179E-002,  0.38917576130E-007,  0.00000000000E+000,  0.41012777372E-009,  0.62358471321E-012,  0.00000000000E+000,  0.00000000000E+000
