"           TIME(S)","              HEAT","            FLOW_G","            FLOW_L","      FLOW_G_WATER","        FLOW_G_AIR","      FLOW_L_WATER","        FLOW_L_AIR"
  0.15579600000E+006,  0.99908991414E-002,  0.65350904826E-007,  0.00000000000E+000,  0.68872583353E-009,  0.10471302566E-011,  0.00000000000E+000,  0.00000000000E+000
  0.15580800000E+006,  0.99917281780E-002,  0.65361281430E-007,  0.00000000000E+000,  0.68883503311E-009,  0.10472966235E-011,  0.00000000000E+000,  0.00000000000E+000
  0.15583200000E+006,  0.99934798905E-002,  0.65382820028E-007,  0.00000000000E+000,  0.68906170446E-009,  0.10476419463E-011,  0.00000000000E+000,  0.00000000000E+000
  0.15585000000E+006,  0.99948019916E-002,  0.65399044293E-007,  0.00000000000E+000,  0.68923244845E-009,  0.10479020658E-011,  0.00000000000E+000,  0.00000000000E+000
