"           TIME(S)","              HEAT","            FLOW_G","            FLOW_L","      FLOW_G_WATER","        FLOW_G_AIR","      FLOW_L_WATER","        FLOW_L_AIR"
  0.15579600000E+006,  0.29600535148E-001,  0.18697012868E-006,  0.00000000000E+000,  0.19706933867E-008,  0.29958513113E-011,  0.00000000000E+000,  0.00000000000E+000
  0.15580800000E+006,  0.29603652723E-001,  0.18700126811E-006,  0.00000000000E+000,  0.19710212728E-008,  0.29963505550E-011,  0.00000000000E+000,  0.00000000000E+000
  0.15583200000E+006,  0.29609880493E-001,  0.18706349936E-006,  0.00000000000E+000,  0.19716765428E-008,  0.29973482827E-011,  0.00000000000E+000,  0.00000000000E+000
  0.15585000000E+006,  0.29614538284E-001,  0.18711007152E-006,  0.00000000000E+000,  0.19721669280E-008,  0.29980949561E-011,  0.00000000000E+000,  0.00000000000E+000
