"           TIME(S)","              HEAT","            FLOW_G","            FLOW_L","      FLOW_G_WATER","        FLOW_G_AIR","      FLOW_L_WATER","        FLOW_L_AIR"
  0.15579600000E+006,  0.45055451468E-002,  0.30049868680E-007,  0.00000000000E+000,  0.31667159451E-009,  0.48149546525E-012,  0.00000000000E+000,  0.00000000000E+000
  0.15580800000E+006,  0.45059204097E-002,  0.30054780085E-007,  0.00000000000E+000,  0.31672327295E-009,  0.48157420892E-012,  0.00000000000E+000,  0.00000000000E+000
  0.15583200000E+006,  0.45066779370E-002,  0.30064668762E-007,  0.00000000000E+000,  0.31682732326E-009,  0.48173275209E-012,  0.00000000000E+000,  0.00000000000E+000
  0.15585000000E+006,  0.45072496842E-002,  0.30072119217E-007,  0.00000000000E+000,  0.31690571835E-009,  0.48185220377E-012,  0.00000000000E+000,  0.00000000000E+000
