"           TIME(S)","              HEAT","            FLOW_G","            FLOW_L","      FLOW_G_WATER","        FLOW_G_AIR","      FLOW_L_WATER","        FLOW_L_AIR"
  0.15579600000E+006,  0.50675944297E-001,  0.31773358786E-006,  0.00000000000E+000,  0.33490464811E-008,  0.50910893228E-011,  0.00000000000E+000,  0.00000000000E+000
  0.15580800000E+006,  0.50682038180E-001,  0.31778836306E-006,  0.00000000000E+000,  0.33496233998E-008,  0.50919675147E-011,  0.00000000000E+000,  0.00000000000E+000
  0.15583200000E+006,  0.50693824585E-001,  0.31789456906E-006,  0.00000000000E+000,  0.33507420049E-008,  0.50936702652E-011,  0.00000000000E+000,  0.00000000000E+000
  0.15585000000E+006,  0.50702618277E-001,  0.31797384671E-006,  0.00000000000E+000,  0.33515769882E-008,  0.50949412866E-011,  0.00000000000E+000,  0.00000000000E+000
