"           TIME(S)","              HEAT","            FLOW_G","            FLOW_L","      FLOW_G_WATER","        FLOW_G_AIR","      FLOW_L_WATER","        FLOW_L_AIR"
  0.15579600000E+006,  0.22552130646E-001,  0.14355858186E-006,  0.00000000000E+000,  0.15130883413E-008,  0.23002628588E-011,  0.00000000000E+000,  0.00000000000E+000
  0.15580800000E+006,  0.22554356592E-001,  0.14358228464E-006,  0.00000000000E+000,  0.15133378813E-008,  0.23006428702E-011,  0.00000000000E+000,  0.00000000000E+000
  0.15583200000E+006,  0.22558833927E-001,  0.14362990724E-006,  0.00000000000E+000,  0.15138392473E-008,  0.23014063856E-011,  0.00000000000E+000,  0.00000000000E+000
  0.15585000000E+006,  0.22562192423E-001,  0.14366563062E-006,  0.00000000000E+000,  0.15142153393E-008,  0.23019791262E-011,  0.00000000000E+000,  0.00000000000E+000
