"           TIME(S)","              HEAT","            FLOW_G","            FLOW_L","      FLOW_G_WATER","        FLOW_G_AIR","      FLOW_L_WATER","        FLOW_L_AIR"
  0.15579600000E+006,  0.31464473263E+000,  0.20641912295E-005,  0.00000000000E+000,  0.21754056688E-007,  0.33074890670E-010,  0.00000000000E+000,  0.00000000000E+000
  0.15580800000E+006,  0.31468961803E+000,  0.20645690470E-005,  0.00000000000E+000,  0.21758036087E-007,  0.33080947906E-010,  0.00000000000E+000,  0.00000000000E+000
  0.15583200000E+006,  0.31477335175E+000,  0.20652741204E-005,  0.00000000000E+000,  0.21765462332E-007,  0.33092251969E-010,  0.00000000000E+000,  0.00000000000E+000
  0.15585000000E+006,  0.31483505975E+000,  0.20657937747E-005,  0.00000000000E+000,  0.21770935631E-007,  0.33100583318E-010,  0.00000000000E+000,  0.00000000000E+000
