"           TIME(S)","              HEAT","            FLOW_G","            FLOW_L","      FLOW_G_WATER","        FLOW_G_AIR","      FLOW_L_WATER","        FLOW_L_AIR"
  0.15579600000E+006,  0.65994269322E-001,  0.41454765930E-006,  0.00000000000E+000,  0.43694789975E-008,  0.66423532562E-011,  0.00000000000E+000,  0.00000000000E+000
  0.15580800000E+006,  0.66002256107E-001,  0.41461724055E-006,  0.00000000000E+000,  0.43702119129E-008,  0.66434688339E-011,  0.00000000000E+000,  0.00000000000E+000
  0.15583200000E+006,  0.66018132897E-001,  0.41475559964E-006,  0.00000000000E+000,  0.43716692797E-008,  0.66456870764E-011,  0.00000000000E+000,  0.00000000000E+000
  0.15585000000E+006,  0.66030005308E-001,  0.41485907833E-006,  0.00000000000E+000,  0.43727592427E-008,  0.66473460976E-011,  0.00000000000E+000,  0.00000000000E+000
