"           TIME(S)","              HEAT","            FLOW_G","            FLOW_L","      FLOW_G_WATER","        FLOW_G_AIR","      FLOW_L_WATER","        FLOW_L_AIR"
  0.15579600000E+006,  0.38788127749E-001,  0.24363726466E-006,  0.00000000000E+000,  0.25680237164E-008,  0.39038353874E-011,  0.00000000000E+000,  0.00000000000E+000
  0.15580800000E+006,  0.38792597931E-001,  0.24367984168E-006,  0.00000000000E+000,  0.25684720931E-008,  0.39045179873E-011,  0.00000000000E+000,  0.00000000000E+000
  0.15583200000E+006,  0.38801087046E-001,  0.24376121850E-006,  0.00000000000E+000,  0.25693290555E-008,  0.39058226640E-011,  0.00000000000E+000,  0.00000000000E+000
  0.15585000000E+006,  0.38807419568E-001,  0.24382196454E-006,  0.00000000000E+000,  0.25699687580E-008,  0.39067965788E-011,  0.00000000000E+000,  0.00000000000E+000
