"           TIME(S)","              HEAT","            FLOW_G","            FLOW_L","      FLOW_G_WATER","        FLOW_G_AIR","      FLOW_L_WATER","        FLOW_L_AIR"
  0.15579600000E+006,  0.13088504431E-001,  0.84856739034E-007,  0.00000000000E+000,  0.89432249589E-009,  0.13596752698E-011,  0.00000000000E+000,  0.00000000000E+000
  0.15580800000E+006,  0.13089635283E-001,  0.84870326847E-007,  0.00000000000E+000,  0.89446550394E-009,  0.13598931185E-011,  0.00000000000E+000,  0.00000000000E+000
  0.15583200000E+006,  0.13091996078E-001,  0.84898332430E-007,  0.00000000000E+000,  0.89476026188E-009,  0.13603421240E-011,  0.00000000000E+000,  0.00000000000E+000
  0.15585000000E+006,  0.13093775774E-001,  0.84919412754E-007,  0.00000000000E+000,  0.89498213212E-009,  0.13606800990E-011,  0.00000000000E+000,  0.00000000000E+000
