"           TIME(S)","              HEAT","            FLOW_G","            FLOW_L","      FLOW_G_WATER","        FLOW_G_AIR","      FLOW_L_WATER","        FLOW_L_AIR"
  0.15579600000E+006,  0.99398052909E-003,  0.66805677312E-008,  0.00000000000E+000,  0.70399390911E-010,  0.10736385604E-012,  0.00000000000E+000,  0.00000000000E+000
  0.15580800000E+006,  0.99406125835E-003,  0.66816580302E-008,  0.00000000000E+000,  0.70410862269E-010,  0.10738139176E-012,  0.00000000000E+000,  0.00000000000E+000
  0.15583200000E+006,  0.99422419659E-003,  0.66838536584E-008,  0.00000000000E+000,  0.70433963193E-010,  0.10741670479E-012,  0.00000000000E+000,  0.00000000000E+000
  0.15585000000E+006,  0.99434718364E-003,  0.66855080192E-008,  0.00000000000E+000,  0.70451369298E-010,  0.10744331234E-012,  0.00000000000E+000,  0.00000000000E+000
