"           TIME(S)","              HEAT","            FLOW_G","            FLOW_L","      FLOW_G_WATER","        FLOW_G_AIR","      FLOW_L_WATER","        FLOW_L_AIR"
  0.15579600000E+006,  0.76410943492E-002,  0.50375643048E-007,  0.00000000000E+000,  0.53088918977E-009,  0.80717911076E-012,  0.00000000000E+000,  0.00000000000E+000
  0.15580800000E+006,  0.76417354922E-002,  0.50383764759E-007,  0.00000000000E+000,  0.53097465559E-009,  0.80730932540E-012,  0.00000000000E+000,  0.00000000000E+000
  0.15583200000E+006,  0.76430583346E-002,  0.50400355767E-007,  0.00000000000E+000,  0.53114924787E-009,  0.80757532522E-012,  0.00000000000E+000,  0.00000000000E+000
  0.15585000000E+006,  0.76440567147E-002,  0.50412855714E-007,  0.00000000000E+000,  0.53128078894E-009,  0.80777573404E-012,  0.00000000000E+000,  0.00000000000E+000
