"           TIME(S)","              HEAT","            FLOW_G","            FLOW_L","      FLOW_G_WATER","        FLOW_G_AIR","      FLOW_L_WATER","        FLOW_L_AIR"
  0.15579600000E+006,  0.12077256488E+001,  0.79249262659E-005,  0.00000000000E+000,  0.83518993365E-007,  0.12698248456E-009,  0.00000000000E+000,  0.00000000000E+000
  0.15580800000E+006,  0.12078647307E+001,  0.79261070804E-005,  0.00000000000E+000,  0.83531430117E-007,  0.12700141798E-009,  0.00000000000E+000,  0.00000000000E+000
  0.15583200000E+006,  0.12081614281E+001,  0.79286239029E-005,  0.00000000000E+000,  0.83557938227E-007,  0.12704177017E-009,  0.00000000000E+000,  0.00000000000E+000
  0.15585000000E+006,  0.12083883735E+001,  0.79305485497E-005,  0.00000000000E+000,  0.83578209327E-007,  0.12707262742E-009,  0.00000000000E+000,  0.00000000000E+000
