"           TIME(S)","              HEAT","            FLOW_G","            FLOW_L","      FLOW_G_WATER","        FLOW_G_AIR","      FLOW_L_WATER","        FLOW_L_AIR"
  0.15579600000E+006,  0.15810187411E+001,  0.10374643859E-004,  0.00000000000E+000,  0.10933600167E-006,  0.16623474985E-009,  0.00000000000E+000,  0.00000000000E+000
  0.15580800000E+006,  0.15812149003E+001,  0.10376307604E-004,  0.00000000000E+000,  0.10935352486E-006,  0.16626142272E-009,  0.00000000000E+000,  0.00000000000E+000
  0.15583200000E+006,  0.15816100381E+001,  0.10379658699E-004,  0.00000000000E+000,  0.10938881985E-006,  0.16631514858E-009,  0.00000000000E+000,  0.00000000000E+000
  0.15585000000E+006,  0.15819082354E+001,  0.10382187457E-004,  0.00000000000E+000,  0.10941545368E-006,  0.16635569078E-009,  0.00000000000E+000,  0.00000000000E+000
