"           TIME(S)","              HEAT","            FLOW_G","            FLOW_L","      FLOW_G_WATER","        FLOW_G_AIR","      FLOW_L_WATER","        FLOW_L_AIR"
  0.15579600000E+006,  0.17175064242E-001,  0.11032461195E-006,  0.00000000000E+000,  0.11627704158E-008,  0.17677506199E-011,  0.00000000000E+000,  0.00000000000E+000
  0.15580800000E+006,  0.17176625699E-001,  0.11034226455E-006,  0.00000000000E+000,  0.11629562320E-008,  0.17680336389E-011,  0.00000000000E+000,  0.00000000000E+000
  0.15583200000E+006,  0.17179888524E-001,  0.11037875036E-006,  0.00000000000E+000,  0.11633403000E-008,  0.17686186041E-011,  0.00000000000E+000,  0.00000000000E+000
  0.15585000000E+006,  0.17182342663E-001,  0.11040617868E-006,  0.00000000000E+000,  0.11636290243E-008,  0.17690583540E-011,  0.00000000000E+000,  0.00000000000E+000
