"           TIME(S)","              HEAT","            FLOW_G","            FLOW_L","      FLOW_G_WATER","        FLOW_G_AIR","      FLOW_L_WATER","        FLOW_L_AIR"
  0.15579600000E+006,  0.20874690005E-002,  0.14029750928E-007,  0.00000000000E+000,  0.14784460988E-009,  0.22480182785E-012,  0.00000000000E+000,  0.00000000000E+000
  0.15580800000E+006,  0.20876367814E-002,  0.14032039413E-007,  0.00000000000E+000,  0.14786868734E-009,  0.22483851867E-012,  0.00000000000E+000,  0.00000000000E+000
  0.15583200000E+006,  0.20879766523E-002,  0.14036652139E-007,  0.00000000000E+000,  0.14791721879E-009,  0.22491247366E-012,  0.00000000000E+000,  0.00000000000E+000
  0.15585000000E+006,  0.20882334712E-002,  0.14040127680E-007,  0.00000000000E+000,  0.14795378583E-009,  0.22496819640E-012,  0.00000000000E+000,  0.00000000000E+000
