"           TIME(S)","              HEAT","            FLOW_G","            FLOW_L","      FLOW_G_WATER","        FLOW_G_AIR","      FLOW_L_WATER","        FLOW_L_AIR"
  0.15579600000E+006,  0.85644184709E-001,  0.54123889627E-006,  0.00000000000E+000,  0.57047285934E-008,  0.86723443153E-011,  0.00000000000E+000,  0.00000000000E+000
  0.15580800000E+006,  0.85654846111E-001,  0.54132896384E-006,  0.00000000000E+000,  0.57056773512E-008,  0.86737883273E-011,  0.00000000000E+000,  0.00000000000E+000
  0.15583200000E+006,  0.85676192878E-001,  0.54150930731E-006,  0.00000000000E+000,  0.57075770604E-008,  0.86766796805E-011,  0.00000000000E+000,  0.00000000000E+000
  0.15585000000E+006,  0.85692190262E-001,  0.54164446295E-006,  0.00000000000E+000,  0.57090007677E-008,  0.86788465589E-011,  0.00000000000E+000,  0.00000000000E+000
