"           TIME(S)","              HEAT","            FLOW_G","            FLOW_L","      FLOW_G_WATER","        FLOW_G_AIR","      FLOW_L_WATER","        FLOW_L_AIR"
  0.15579600000E+006,  0.14334532115E+000,  0.92349954846E-006,  0.00000000000E+000,  0.97331573807E-008,  0.14797369977E-010,  0.00000000000E+000,  0.00000000000E+000
  0.15580800000E+006,  0.14336253077E+000,  0.92364156085E-006,  0.00000000000E+000,  0.97346533107E-008,  0.14799646900E-010,  0.00000000000E+000,  0.00000000000E+000
  0.15583200000E+006,  0.14339968539E+000,  0.92394849199E-006,  0.00000000000E+000,  0.97378864510E-008,  0.14804567759E-010,  0.00000000000E+000,  0.00000000000E+000
  0.15585000000E+006,  0.14342767140E+000,  0.92417969612E-006,  0.00000000000E+000,  0.97403218998E-008,  0.14808274523E-010,  0.00000000000E+000,  0.00000000000E+000
