"           TIME(S)","              HEAT","            FLOW_G","            FLOW_L","      FLOW_G_WATER","        FLOW_G_AIR","      FLOW_L_WATER","        FLOW_L_AIR"
  0.15579600000E+006,  0.16249713381E-002,  0.10928293862E-007,  0.00000000000E+000,  0.11516141527E-009,  0.17510650766E-012,  0.00000000000E+000,  0.00000000000E+000
  0.15580800000E+006,  0.16251029855E-002,  0.10930072249E-007,  0.00000000000E+000,  0.11518012616E-009,  0.17513502025E-012,  0.00000000000E+000,  0.00000000000E+000
  0.15583200000E+006,  0.16253697724E-002,  0.10933664417E-007,  0.00000000000E+000,  0.11521792052E-009,  0.17519261286E-012,  0.00000000000E+000,  0.00000000000E+000
  0.15585000000E+006,  0.16255710259E-002,  0.10936371034E-007,  0.00000000000E+000,  0.11524639774E-009,  0.17523600759E-012,  0.00000000000E+000,  0.00000000000E+000
