"           TIME(S)","              HEAT","            FLOW_G","            FLOW_L","      FLOW_G_WATER","        FLOW_G_AIR","      FLOW_L_WATER","        FLOW_L_AIR"
  0.15579600000E+006,  0.92240821767E+000,  0.60524706400E-005,  0.00000000000E+000,  0.63785617688E-007,  0.96979797681E-010,  0.00000000000E+000,  0.00000000000E+000
  0.15580800000E+006,  0.92253441316E+000,  0.60535397244E-005,  0.00000000000E+000,  0.63796877725E-007,  0.96996936514E-010,  0.00000000000E+000,  0.00000000000E+000
  0.15583200000E+006,  0.92277346120E+000,  0.60555661555E-005,  0.00000000000E+000,  0.63818220891E-007,  0.97029424668E-010,  0.00000000000E+000,  0.00000000000E+000
  0.15585000000E+006,  0.92295042858E+000,  0.60570665606E-005,  0.00000000000E+000,  0.63834023731E-007,  0.97053479782E-010,  0.00000000000E+000,  0.00000000000E+000
