"           TIME(S)","              HEAT","            FLOW_G","            FLOW_L","      FLOW_G_WATER","        FLOW_G_AIR","      FLOW_L_WATER","        FLOW_L_AIR"
  0.15579600000E+006,  0.53865881886E+000,  0.35341663579E-005,  0.00000000000E+000,  0.37245788764E-007,  0.56628561963E-010,  0.00000000000E+000,  0.00000000000E+000
  0.15580800000E+006,  0.53873241409E+000,  0.35347898426E-005,  0.00000000000E+000,  0.37252355563E-007,  0.56638557300E-010,  0.00000000000E+000,  0.00000000000E+000
  0.15583200000E+006,  0.53887184425E+000,  0.35359718240E-005,  0.00000000000E+000,  0.37264804657E-007,  0.56657507270E-010,  0.00000000000E+000,  0.00000000000E+000
  0.15585000000E+006,  0.53897537731E+000,  0.35368496028E-005,  0.00000000000E+000,  0.37274049763E-007,  0.56671580270E-010,  0.00000000000E+000,  0.00000000000E+000
