"           TIME(S)","              HEAT","            FLOW_G","            FLOW_L","      FLOW_G_WATER","        FLOW_G_AIR","      FLOW_L_WATER","        FLOW_L_AIR"
  0.15579600000E+006,  0.18553611247E+000,  0.12070641442E-005,  0.00000000000E+000,  0.12721341900E-007,  0.19340978119E-010,  0.00000000000E+000,  0.00000000000E+000
  0.15580800000E+006,  0.18556173154E+000,  0.12072759053E-005,  0.00000000000E+000,  0.12723572465E-007,  0.19344372925E-010,  0.00000000000E+000,  0.00000000000E+000
  0.15583200000E+006,  0.18561116977E+000,  0.12076843550E-005,  0.00000000000E+000,  0.12727874833E-007,  0.19350921304E-010,  0.00000000000E+000,  0.00000000000E+000
  0.15585000000E+006,  0.18564791964E+000,  0.12079879386E-005,  0.00000000000E+000,  0.12731072604E-007,  0.19355788481E-010,  0.00000000000E+000,  0.00000000000E+000
