"           TIME(S)","              HEAT","            FLOW_G","            FLOW_L","      FLOW_G_WATER","        FLOW_G_AIR","      FLOW_L_WATER","        FLOW_L_AIR"
  0.15579600000E+006,  0.70479567998E+000,  0.46244709987E-005,  0.00000000000E+000,  0.48736256613E-007,  0.74098704632E-010,  0.00000000000E+000,  0.00000000000E+000
  0.15580800000E+006,  0.70487994132E+000,  0.46251860067E-005,  0.00000000000E+000,  0.48743787341E-007,  0.74110168920E-010,  0.00000000000E+000,  0.00000000000E+000
  0.15583200000E+006,  0.70505698173E+000,  0.46266873472E-005,  0.00000000000E+000,  0.48759600034E-007,  0.74134239556E-010,  0.00000000000E+000,  0.00000000000E+000
  0.15585000000E+006,  0.70519108655E+000,  0.46278244423E-005,  0.00000000000E+000,  0.48771576353E-007,  0.74152470125E-010,  0.00000000000E+000,  0.00000000000E+000
