"           TIME(S)","              HEAT","            FLOW_G","            FLOW_L","      FLOW_G_WATER","        FLOW_G_AIR","      FLOW_L_WATER","        FLOW_L_AIR"
  0.15579600000E+006,  0.92865916193E-004,  0.16780589587E-010,  0.00000000000E+000,  0.17634352320E-012,  0.00000000000E+000,  0.00000000000E+000,  0.00000000000E+000
  0.15580800000E+006,  0.92854439830E-004,  0.16781174161E-010,  0.00000000000E+000,  0.17634962614E-012,  0.00000000000E+000,  0.00000000000E+000,  0.00000000000E+000
  0.15583200000E+006,  0.92831473457E-004,  0.16782343598E-010,  0.00000000000E+000,  0.17636183498E-012,  0.00000000000E+000,  0.00000000000E+000,  0.00000000000E+000
  0.15585000000E+006,  0.92814240628E-004,  0.16783220852E-010,  0.00000000000E+000,  0.17637099346E-012,  0.00000000000E+000,  0.00000000000E+000,  0.00000000000E+000
