"           TIME(S)","              HEAT","            FLOW_G","            FLOW_L","      FLOW_G_WATER","        FLOW_G_AIR","      FLOW_L_WATER","        FLOW_L_AIR"
  0.15579600000E+006,  0.41170910247E+000,  0.27011232665E-005,  0.00000000000E+000,  0.28466538126E-007,  0.43280565367E-010,  0.00000000000E+000,  0.00000000000E+000
  0.15580800000E+006,  0.41175889337E+000,  0.27015450724E-005,  0.00000000000E+000,  0.28470980763E-007,  0.43287328633E-010,  0.00000000000E+000,  0.00000000000E+000
  0.15583200000E+006,  0.41186441202E+000,  0.27024383960E-005,  0.00000000000E+000,  0.28480389633E-007,  0.43301651094E-010,  0.00000000000E+000,  0.00000000000E+000
  0.15585000000E+006,  0.41194388400E+000,  0.27031111752E-005,  0.00000000000E+000,  0.28487475633E-007,  0.43312437480E-010,  0.00000000000E+000,  0.00000000000E+000
