"           TIME(S)","              PRES","              TEMP","             SAT_G","             SAT_L"
  0.15579600000E+006,  0.99179656103E+005,  0.62710432370E+001,  0.49997902077E+000,  0.50002097923E+000
  0.15580800000E+006,  0.99180045638E+005,  0.62711267469E+001,  0.49997902396E+000,  0.50002097604E+000
  0.15583200000E+006,  0.99180821861E+005,  0.62712848550E+001,  0.49997903043E+000,  0.50002096957E+000
  0.15585000000E+006,  0.99181402525E+005,  0.62713994982E+001,  0.49997903533E+000,  0.50002096467E+000
