"           TIME(S)","              HEAT","            FLOW_G","            FLOW_L","      FLOW_G_WATER","        FLOW_G_AIR","      FLOW_L_WATER","        FLOW_L_AIR"
  0.15597600000E+006,  0.14361985697E+000,  0.92579903407E-006,  0.00000000000E+000,  0.97573787015E-008,  0.14834236545E-010,  0.00000000000E+000,  0.00000000000E+000
  0.15598800000E+006,  0.14363824299E+000,  0.92595088548E-006,  0.00000000000E+000,  0.97589782654E-008,  0.14836671041E-010,  0.00000000000E+000,  0.00000000000E+000
  0.15601200000E+006,  0.14367464736E+000,  0.92625151025E-006,  0.00000000000E+000,  0.97621449703E-008,  0.14841490822E-010,  0.00000000000E+000,  0.00000000000E+000
  0.15603000000E+006,  0.14370207309E+000,  0.92647800487E-006,  0.00000000000E+000,  0.97645308059E-008,  0.14845122104E-010,  0.00000000000E+000,  0.00000000000E+000
