"           TIME(S)","              HEAT","            FLOW_G","            FLOW_L","      FLOW_G_WATER","        FLOW_G_AIR","      FLOW_L_WATER","        FLOW_L_AIR"
  0.15597600000E+006,  0.99520877138E-003,  0.66971090486E-008,  0.00000000000E+000,  0.70573427098E-010,  0.10762989757E-012,  0.00000000000E+000,  0.00000000000E+000
  0.15598800000E+006,  0.99529042235E-003,  0.66982051179E-008,  0.00000000000E+000,  0.70584959194E-010,  0.10764752610E-012,  0.00000000000E+000,  0.00000000000E+000
  0.15601200000E+006,  0.99545562557E-003,  0.67004153725E-008,  0.00000000000E+000,  0.70608214100E-010,  0.10768307434E-012,  0.00000000000E+000,  0.00000000000E+000
  0.15603000000E+006,  0.99557924620E-003,  0.67020718239E-008,  0.00000000000E+000,  0.70625642178E-010,  0.10770971561E-012,  0.00000000000E+000,  0.00000000000E+000
