"           TIME(S)","              HEAT","            FLOW_G","            FLOW_L","      FLOW_G_WATER","        FLOW_G_AIR","      FLOW_L_WATER","        FLOW_L_AIR"
  0.15597600000E+006,  0.53972441123E+000,  0.35430919648E-005,  0.00000000000E+000,  0.37339799611E-007,  0.56771659908E-010,  0.00000000000E+000,  0.00000000000E+000
  0.15598800000E+006,  0.53978517605E+000,  0.35436080082E-005,  0.00000000000E+000,  0.37345234744E-007,  0.56779934258E-010,  0.00000000000E+000,  0.00000000000E+000
  0.15601200000E+006,  0.53991810989E+000,  0.35447355897E-005,  0.00000000000E+000,  0.37357110824E-007,  0.56798012530E-010,  0.00000000000E+000,  0.00000000000E+000
  0.15603000000E+006,  0.54001995729E+000,  0.35455992533E-005,  0.00000000000E+000,  0.37366207232E-007,  0.56811859268E-010,  0.00000000000E+000,  0.00000000000E+000
