"           TIME(S)","              HEAT","            FLOW_G","            FLOW_L","      FLOW_G_WATER","        FLOW_G_AIR","      FLOW_L_WATER","        FLOW_L_AIR"
  0.15597600000E+006,  0.31526961898E+000,  0.20694253831E-005,  0.00000000000E+000,  0.21809186543E-007,  0.33158807335E-010,  0.00000000000E+000,  0.00000000000E+000
  0.15598800000E+006,  0.31530860497E+000,  0.20697537817E-005,  0.00000000000E+000,  0.21812645416E-007,  0.33164072230E-010,  0.00000000000E+000,  0.00000000000E+000
  0.15601200000E+006,  0.31538790249E+000,  0.20704216719E-005,  0.00000000000E+000,  0.21819680000E-007,  0.33174780114E-010,  0.00000000000E+000,  0.00000000000E+000
  0.15603000000E+006,  0.31544777601E+000,  0.20709259384E-005,  0.00000000000E+000,  0.21824991209E-007,  0.33182864760E-010,  0.00000000000E+000,  0.00000000000E+000
