"           TIME(S)","              HEAT","            FLOW_G","            FLOW_L","      FLOW_G_WATER","        FLOW_G_AIR","      FLOW_L_WATER","        FLOW_L_AIR"
  0.15597600000E+006,  0.66113516484E-001,  0.41557565521E-006,  0.00000000000E+000,  0.43803073888E-008,  0.66588347071E-011,  0.00000000000E+000,  0.00000000000E+000
  0.15598800000E+006,  0.66121956194E-001,  0.41564909145E-006,  0.00000000000E+000,  0.43810809096E-008,  0.66600120100E-011,  0.00000000000E+000,  0.00000000000E+000
  0.15601200000E+006,  0.66137776044E-001,  0.41578709833E-006,  0.00000000000E+000,  0.43825345579E-008,  0.66622246041E-011,  0.00000000000E+000,  0.00000000000E+000
  0.15603000000E+006,  0.66149547793E-001,  0.41588982737E-006,  0.00000000000E+000,  0.43836166177E-008,  0.66638716124E-011,  0.00000000000E+000,  0.00000000000E+000
