"           TIME(S)","              HEAT","            FLOW_G","            FLOW_L","      FLOW_G_WATER","        FLOW_G_AIR","      FLOW_L_WATER","        FLOW_L_AIR"
  0.15597600000E+006,  0.76508919488E-002,  0.50500214576E-007,  0.00000000000E+000,  0.53220005905E-009,  0.80917634227E-012,  0.00000000000E+000,  0.00000000000E+000
  0.15598800000E+006,  0.76515810262E-002,  0.50508741336E-007,  0.00000000000E+000,  0.53228979033E-009,  0.80931304939E-012,  0.00000000000E+000,  0.00000000000E+000
  0.15601200000E+006,  0.76529152574E-002,  0.50525435429E-007,  0.00000000000E+000,  0.53246546686E-009,  0.80958070275E-012,  0.00000000000E+000,  0.00000000000E+000
  0.15603000000E+006,  0.76539131893E-002,  0.50537937544E-007,  0.00000000000E+000,  0.53259702965E-009,  0.80978114696E-012,  0.00000000000E+000,  0.00000000000E+000
