"           TIME(S)","              HEAT","            FLOW_G","            FLOW_L","      FLOW_G_WATER","        FLOW_G_AIR","      FLOW_L_WATER","        FLOW_L_AIR"
  0.15597600000E+006,  0.45111505710E-002,  0.30124276616E-007,  0.00000000000E+000,  0.31745450282E-009,  0.48268843452E-012,  0.00000000000E+000,  0.00000000000E+000
  0.15598800000E+006,  0.45115389193E-002,  0.30129295593E-007,  0.00000000000E+000,  0.31750731387E-009,  0.48276890257E-012,  0.00000000000E+000,  0.00000000000E+000
  0.15601200000E+006,  0.45123045592E-002,  0.30139249991E-007,  0.00000000000E+000,  0.31761205563E-009,  0.48292849992E-012,  0.00000000000E+000,  0.00000000000E+000
  0.15603000000E+006,  0.45128770861E-002,  0.30146706252E-007,  0.00000000000E+000,  0.31769051130E-009,  0.48304804508E-012,  0.00000000000E+000,  0.00000000000E+000
