"           TIME(S)","              HEAT","            FLOW_G","            FLOW_L","      FLOW_G_WATER","        FLOW_G_AIR","      FLOW_L_WATER","        FLOW_L_AIR"
  0.15597600000E+006,  0.92416983720E+000,  0.60672262326E-005,  0.00000000000E+000,  0.63941034055E-007,  0.97216367054E-010,  0.00000000000E+000,  0.00000000000E+000
  0.15598800000E+006,  0.92430277112E+000,  0.60683517450E-005,  0.00000000000E+000,  0.63952888399E-007,  0.97234410721E-010,  0.00000000000E+000,  0.00000000000E+000
  0.15601200000E+006,  0.92454946365E+000,  0.60704421925E-005,  0.00000000000E+000,  0.63974905767E-007,  0.97267925140E-010,  0.00000000000E+000,  0.00000000000E+000
  0.15603000000E+006,  0.92473013007E+000,  0.60719735742E-005,  0.00000000000E+000,  0.63991034830E-007,  0.97292476837E-010,  0.00000000000E+000,  0.00000000000E+000
