"           TIME(S)","              HEAT","            FLOW_G","            FLOW_L","      FLOW_G_WATER","        FLOW_G_AIR","      FLOW_L_WATER","        FLOW_L_AIR"
  0.15597600000E+006,  0.29646719556E-001,  0.18743593412E-006,  0.00000000000E+000,  0.19755980199E-008,  0.30033194028E-011,  0.00000000000E+000,  0.00000000000E+000
  0.15598800000E+006,  0.29649764202E-001,  0.18746652039E-006,  0.00000000000E+000,  0.19759200757E-008,  0.30038097772E-011,  0.00000000000E+000,  0.00000000000E+000
  0.15601200000E+006,  0.29655926573E-001,  0.18752831779E-006,  0.00000000000E+000,  0.19765707691E-008,  0.30048005541E-011,  0.00000000000E+000,  0.00000000000E+000
  0.15603000000E+006,  0.29660552042E-001,  0.18757470399E-006,  0.00000000000E+000,  0.19770591905E-008,  0.30055442488E-011,  0.00000000000E+000,  0.00000000000E+000
