"           TIME(S)","              HEAT","            FLOW_G","            FLOW_L","      FLOW_G_WATER","        FLOW_G_AIR","      FLOW_L_WATER","        FLOW_L_AIR"
  0.15597600000E+006,  0.11103220173E+000,  0.70860755879E-006,  0.00000000000E+000,  0.74685657617E-008,  0.11354134668E-010,  0.00000000000E+000,  0.00000000000E+000
  0.15598800000E+006,  0.11104568968E+000,  0.70871897579E-006,  0.00000000000E+000,  0.74697394399E-008,  0.11355921094E-010,  0.00000000000E+000,  0.00000000000E+000
  0.15601200000E+006,  0.11107372303E+000,  0.70895067478E-006,  0.00000000000E+000,  0.74721801766E-008,  0.11359635835E-010,  0.00000000000E+000,  0.00000000000E+000
  0.15603000000E+006,  0.11109478793E+000,  0.70912478890E-006,  0.00000000000E+000,  0.74740143085E-008,  0.11362427326E-010,  0.00000000000E+000,  0.00000000000E+000
