"           TIME(S)","              HEAT","            FLOW_G","            FLOW_L","      FLOW_G_WATER","        FLOW_G_AIR","      FLOW_L_WATER","        FLOW_L_AIR"
  0.15597600000E+006,  0.34800604224E-002,  0.23325026535E-007,  0.00000000000E+000,  0.24579989720E-009,  0.37374253041E-012,  0.00000000000E+000,  0.00000000000E+000
  0.15598800000E+006,  0.34803474453E-002,  0.23328878083E-007,  0.00000000000E+000,  0.24584042117E-009,  0.37380428161E-012,  0.00000000000E+000,  0.00000000000E+000
  0.15601200000E+006,  0.34809221872E-002,  0.23336583362E-007,  0.00000000000E+000,  0.24592149214E-009,  0.37392781925E-012,  0.00000000000E+000,  0.00000000000E+000
  0.15603000000E+006,  0.34813526874E-002,  0.23342355886E-007,  0.00000000000E+000,  0.24598222759E-009,  0.37402036934E-012,  0.00000000000E+000,  0.00000000000E+000
