"           TIME(S)","              HEAT","            FLOW_G","            FLOW_L","      FLOW_G_WATER","        FLOW_G_AIR","      FLOW_L_WATER","        FLOW_L_AIR"
  0.15597600000E+006,  0.50762869498E-001,  0.31852876772E-006,  0.00000000000E+000,  0.33574213201E-008,  0.51038380941E-011,  0.00000000000E+000,  0.00000000000E+000
  0.15598800000E+006,  0.50768496831E-001,  0.31857965338E-006,  0.00000000000E+000,  0.33579572622E-008,  0.51046539230E-011,  0.00000000000E+000,  0.00000000000E+000
  0.15601200000E+006,  0.50780167052E-001,  0.31868492114E-006,  0.00000000000E+000,  0.33590659784E-008,  0.51063416349E-011,  0.00000000000E+000,  0.00000000000E+000
  0.15603000000E+006,  0.50788899563E-001,  0.31876371261E-006,  0.00000000000E+000,  0.33598958362E-008,  0.51076048662E-011,  0.00000000000E+000,  0.00000000000E+000
