"           TIME(S)","              HEAT","            FLOW_G","            FLOW_L","      FLOW_G_WATER","        FLOW_G_AIR","      FLOW_L_WATER","        FLOW_L_AIR"
  0.15597600000E+006,  0.38851426350E-001,  0.24424748089E-006,  0.00000000000E+000,  0.25744496814E-008,  0.39136187048E-011,  0.00000000000E+000,  0.00000000000E+000
  0.15598800000E+006,  0.38855473938E-001,  0.24428653930E-006,  0.00000000000E+000,  0.25748609896E-008,  0.39142449208E-011,  0.00000000000E+000,  0.00000000000E+000
  0.15601200000E+006,  0.38863859588E-001,  0.24436709025E-006,  0.00000000000E+000,  0.25757092470E-008,  0.39155363631E-011,  0.00000000000E+000,  0.00000000000E+000
  0.15603000000E+006,  0.38870151202E-001,  0.24442752441E-006,  0.00000000000E+000,  0.25763456604E-008,  0.39165052812E-011,  0.00000000000E+000,  0.00000000000E+000
