"           TIME(S)","              HEAT","            FLOW_G","            FLOW_L","      FLOW_G_WATER","        FLOW_G_AIR","      FLOW_L_WATER","        FLOW_L_AIR"
  0.15597600000E+006,  0.58679931034E-002,  0.38985067531E-007,  0.00000000000E+000,  0.41083793295E-009,  0.62466679088E-012,  0.00000000000E+000,  0.00000000000E+000
  0.15598800000E+006,  0.58684992026E-002,  0.38991583367E-007,  0.00000000000E+000,  0.41090649600E-009,  0.62477125793E-012,  0.00000000000E+000,  0.00000000000E+000
  0.15601200000E+006,  0.58694944151E-002,  0.39004468953E-007,  0.00000000000E+000,  0.41104208349E-009,  0.62497785030E-012,  0.00000000000E+000,  0.00000000000E+000
  0.15603000000E+006,  0.58702394208E-002,  0.39014119511E-007,  0.00000000000E+000,  0.41114363051E-009,  0.62513257612E-012,  0.00000000000E+000,  0.00000000000E+000
