"           TIME(S)","              HEAT","            FLOW_G","            FLOW_L","      FLOW_G_WATER","        FLOW_G_AIR","      FLOW_L_WATER","        FLOW_L_AIR"
  0.15597600000E+006,  0.85804375157E-001,  0.54258063744E-006,  0.00000000000E+000,  0.57188625818E-008,  0.86938557524E-011,  0.00000000000E+000,  0.00000000000E+000
  0.15598800000E+006,  0.85815777139E-001,  0.54267696133E-006,  0.00000000000E+000,  0.57198772397E-008,  0.86954000616E-011,  0.00000000000E+000,  0.00000000000E+000
  0.15601200000E+006,  0.85837040841E-001,  0.54285671921E-006,  0.00000000000E+000,  0.57217707716E-008,  0.86982820359E-011,  0.00000000000E+000,  0.00000000000E+000
  0.15603000000E+006,  0.85852872255E-001,  0.54299056750E-006,  0.00000000000E+000,  0.57231807008E-008,  0.87004279636E-011,  0.00000000000E+000,  0.00000000000E+000
