"           TIME(S)","              HEAT","            FLOW_G","            FLOW_L","      FLOW_G_WATER","        FLOW_G_AIR","      FLOW_L_WATER","        FLOW_L_AIR"
  0.15597600000E+006,  0.13106435897E-001,  0.85066630343E-007,  0.00000000000E+000,  0.89653164549E-009,  0.13630404016E-011,  0.00000000000E+000,  0.00000000000E+000
  0.15598800000E+006,  0.13107659299E-001,  0.85081017472E-007,  0.00000000000E+000,  0.89668307117E-009,  0.13632710664E-011,  0.00000000000E+000,  0.00000000000E+000
  0.15601200000E+006,  0.13110026172E-001,  0.85109122250E-007,  0.00000000000E+000,  0.89697887064E-009,  0.13637216641E-011,  0.00000000000E+000,  0.00000000000E+000
  0.15603000000E+006,  0.13111799092E-001,  0.85130182132E-007,  0.00000000000E+000,  0.89720052309E-009,  0.13640593126E-011,  0.00000000000E+000,  0.00000000000E+000
