"           TIME(S)","              HEAT","            FLOW_G","            FLOW_L","      FLOW_G_WATER","        FLOW_G_AIR","      FLOW_L_WATER","        FLOW_L_AIR"
  0.15597600000E+006,  0.12100315915E+001,  0.79442411939E-005,  0.00000000000E+000,  0.83722431848E-007,  0.12729215108E-009,  0.00000000000E+000,  0.00000000000E+000
  0.15598800000E+006,  0.12101789137E+001,  0.79454910128E-005,  0.00000000000E+000,  0.83735595367E-007,  0.12731219092E-009,  0.00000000000E+000,  0.00000000000E+000
  0.15601200000E+006,  0.12104855938E+001,  0.79480914322E-005,  0.00000000000E+000,  0.83762983900E-007,  0.12735388349E-009,  0.00000000000E+000,  0.00000000000E+000
  0.15603000000E+006,  0.12107176011E+001,  0.79500584686E-005,  0.00000000000E+000,  0.83783701419E-007,  0.12738542043E-009,  0.00000000000E+000,  0.00000000000E+000
