"           TIME(S)","              HEAT","            FLOW_G","            FLOW_L","      FLOW_G_WATER","        FLOW_G_AIR","      FLOW_L_WATER","        FLOW_L_AIR"
  0.15597600000E+006,  0.15840374355E+001,  0.10399928904E-004,  0.00000000000E+000,  0.10960232162E-006,  0.16664013223E-009,  0.00000000000E+000,  0.00000000000E+000
  0.15598800000E+006,  0.15842443863E+001,  0.10401683019E-004,  0.00000000000E+000,  0.10962079661E-006,  0.16666825404E-009,  0.00000000000E+000,  0.00000000000E+000
  0.15601200000E+006,  0.15846526872E+001,  0.10405144343E-004,  0.00000000000E+000,  0.10965725251E-006,  0.16672374729E-009,  0.00000000000E+000,  0.00000000000E+000
  0.15603000000E+006,  0.15849575837E+001,  0.10407729202E-004,  0.00000000000E+000,  0.10968447715E-006,  0.16676518904E-009,  0.00000000000E+000,  0.00000000000E+000
