"           TIME(S)","              HEAT","            FLOW_G","            FLOW_L","      FLOW_G_WATER","        FLOW_G_AIR","      FLOW_L_WATER","        FLOW_L_AIR"
  0.15597600000E+006,  0.92684954352E-004,  0.16789462037E-010,  0.00000000000E+000,  0.17643613983E-012,  0.00000000000E+000,  0.00000000000E+000,  0.00000000000E+000
  0.15598800000E+006,  0.92673429908E-004,  0.16790047015E-010,  0.00000000000E+000,  0.17644224687E-012,  0.00000000000E+000,  0.00000000000E+000,  0.00000000000E+000
  0.15601200000E+006,  0.92650367486E-004,  0.16791217254E-010,  0.00000000000E+000,  0.17645446388E-012,  0.00000000000E+000,  0.00000000000E+000,  0.00000000000E+000
  0.15603000000E+006,  0.92633063067E-004,  0.16792095094E-010,  0.00000000000E+000,  0.17646362830E-012,  0.00000000000E+000,  0.00000000000E+000,  0.00000000000E+000
