"           TIME(S)","              HEAT","            FLOW_G","            FLOW_L","      FLOW_G_WATER","        FLOW_G_AIR","      FLOW_L_WATER","        FLOW_L_AIR"
  0.15597600000E+006,  0.22585174576E-001,  0.14391616247E-006,  0.00000000000E+000,  0.15168527718E-008,  0.23059958171E-011,  0.00000000000E+000,  0.00000000000E+000
  0.15598800000E+006,  0.22587327793E-001,  0.14393925013E-006,  0.00000000000E+000,  0.15170958311E-008,  0.23063659808E-011,  0.00000000000E+000,  0.00000000000E+000
  0.15601200000E+006,  0.22591786085E-001,  0.14398670232E-006,  0.00000000000E+000,  0.15175953995E-008,  0.23071267682E-011,  0.00000000000E+000,  0.00000000000E+000
  0.15603000000E+006,  0.22595133288E-001,  0.14402232365E-006,  0.00000000000E+000,  0.15179704145E-008,  0.23076978746E-011,  0.00000000000E+000,  0.00000000000E+000
