"           TIME(S)","              HEAT","            FLOW_G","            FLOW_L","      FLOW_G_WATER","        FLOW_G_AIR","      FLOW_L_WATER","        FLOW_L_AIR"
  0.15597600000E+006,  0.12704619608E-002,  0.85542246286E-008,  0.00000000000E+000,  0.90143345731E-010,  0.13706647617E-012,  0.00000000000E+000,  0.00000000000E+000
  0.15598800000E+006,  0.12705653218E-002,  0.85556266642E-008,  0.00000000000E+000,  0.90158096714E-010,  0.13708895480E-012,  0.00000000000E+000,  0.00000000000E+000
  0.15601200000E+006,  0.12707741953E-002,  0.85584496277E-008,  0.00000000000E+000,  0.90187797603E-010,  0.13713421500E-012,  0.00000000000E+000,  0.00000000000E+000
  0.15603000000E+006,  0.12709306109E-002,  0.85605652296E-008,  0.00000000000E+000,  0.90210056170E-010,  0.13716813418E-012,  0.00000000000E+000,  0.00000000000E+000
