"           TIME(S)","              HEAT","            FLOW_G","            FLOW_L","      FLOW_G_WATER","        FLOW_G_AIR","      FLOW_L_WATER","        FLOW_L_AIR"
  0.15597600000E+006,  0.24136173519E+000,  0.15824907581E-005,  0.00000000000E+000,  0.16677561347E-007,  0.25356548212E-010,  0.00000000000E+000,  0.00000000000E+000
  0.15598800000E+006,  0.24139062546E+000,  0.15827290684E-005,  0.00000000000E+000,  0.16680071510E-007,  0.25360368973E-010,  0.00000000000E+000,  0.00000000000E+000
  0.15601200000E+006,  0.24145179672E+000,  0.15832340887E-005,  0.00000000000E+000,  0.16685390963E-007,  0.25368465735E-010,  0.00000000000E+000,  0.00000000000E+000
  0.15603000000E+006,  0.24149837093E+000,  0.15836186834E-005,  0.00000000000E+000,  0.16689441951E-007,  0.25374631759E-010,  0.00000000000E+000,  0.00000000000E+000
