"           TIME(S)","              HEAT","            FLOW_G","            FLOW_L","      FLOW_G_WATER","        FLOW_G_AIR","      FLOW_L_WATER","        FLOW_L_AIR"
  0.15597600000E+006,  0.17199377996E-001,  0.11059812724E-006,  0.00000000000E+000,  0.11656495338E-008,  0.17721358052E-011,  0.00000000000E+000,  0.00000000000E+000
  0.15598800000E+006,  0.17201006474E-001,  0.11061636888E-006,  0.00000000000E+000,  0.11658415527E-008,  0.17724282730E-011,  0.00000000000E+000,  0.00000000000E+000
  0.15601200000E+006,  0.17204264837E-001,  0.11065287262E-006,  0.00000000000E+000,  0.11662258056E-008,  0.17730135285E-011,  0.00000000000E+000,  0.00000000000E+000
  0.15603000000E+006,  0.17206708102E-001,  0.11068025096E-006,  0.00000000000E+000,  0.11665140005E-008,  0.17734524786E-011,  0.00000000000E+000,  0.00000000000E+000
