"           TIME(S)","              HEAT","            FLOW_G","            FLOW_L","      FLOW_G_WATER","        FLOW_G_AIR","      FLOW_L_WATER","        FLOW_L_AIR"
  0.15597600000E+006,  0.10004147121E-001,  0.65512433827E-007,  0.00000000000E+000,  0.69042577952E-009,  0.10497200151E-011,  0.00000000000E+000,  0.00000000000E+000
  0.15598800000E+006,  0.10005051802E-001,  0.65523463864E-007,  0.00000000000E+000,  0.69054186024E-009,  0.10498968576E-011,  0.00000000000E+000,  0.00000000000E+000
  0.15601200000E+006,  0.10006812575E-001,  0.65545117829E-007,  0.00000000000E+000,  0.69076974405E-009,  0.10502440312E-011,  0.00000000000E+000,  0.00000000000E+000
  0.15603000000E+006,  0.10008130555E-001,  0.65561337017E-007,  0.00000000000E+000,  0.69094043255E-009,  0.10505040701E-011,  0.00000000000E+000,  0.00000000000E+000
