"           TIME(S)","              HEAT","            FLOW_G","            FLOW_L","      FLOW_G_WATER","        FLOW_G_AIR","      FLOW_L_WATER","        FLOW_L_AIR"
  0.15597600000E+006,  0.18590473390E+000,  0.12101234162E-005,  0.00000000000E+000,  0.12753566042E-007,  0.19390025320E-010,  0.00000000000E+000,  0.00000000000E+000
  0.15598800000E+006,  0.18592733432E+000,  0.12103099092E-005,  0.00000000000E+000,  0.12755530450E-007,  0.19393015378E-010,  0.00000000000E+000,  0.00000000000E+000
  0.15601200000E+006,  0.18597434633E+000,  0.12106980614E-005,  0.00000000000E+000,  0.12759619013E-007,  0.19399238469E-010,  0.00000000000E+000,  0.00000000000E+000
  0.15603000000E+006,  0.18601003473E+000,  0.12109927710E-005,  0.00000000000E+000,  0.12762723305E-007,  0.19403963413E-010,  0.00000000000E+000,  0.00000000000E+000
