"           TIME(S)","              HEAT","            FLOW_G","            FLOW_L","      FLOW_G_WATER","        FLOW_G_AIR","      FLOW_L_WATER","        FLOW_L_AIR"
  0.15597600000E+006,  0.41250619219E+000,  0.27077997839E-005,  0.00000000000E+000,  0.28536859978E-007,  0.43387608170E-010,  0.00000000000E+000,  0.00000000000E+000
  0.15598800000E+006,  0.41256125878E+000,  0.27082657634E-005,  0.00000000000E+000,  0.28541767869E-007,  0.43395078657E-010,  0.00000000000E+000,  0.00000000000E+000
  0.15601200000E+006,  0.41266585488E+000,  0.27091513514E-005,  0.00000000000E+000,  0.28551095235E-007,  0.43409276757E-010,  0.00000000000E+000,  0.00000000000E+000
  0.15603000000E+006,  0.41274404969E+000,  0.27098134280E-005,  0.00000000000E+000,  0.28558068488E-007,  0.43419891498E-010,  0.00000000000E+000,  0.00000000000E+000
