"           TIME(S)","              HEAT","            FLOW_G","            FLOW_L","      FLOW_G_WATER","        FLOW_G_AIR","      FLOW_L_WATER","        FLOW_L_AIR"
  0.15597600000E+006,  0.20900497405E-002,  0.14064504955E-007,  0.00000000000E+000,  0.14821026783E-009,  0.22535903325E-012,  0.00000000000E+000,  0.00000000000E+000
  0.15598800000E+006,  0.20902201246E-002,  0.14066808905E-007,  0.00000000000E+000,  0.14823450815E-009,  0.22539597219E-012,  0.00000000000E+000,  0.00000000000E+000
  0.15601200000E+006,  0.20905645694E-002,  0.14071452407E-007,  0.00000000000E+000,  0.14828336357E-009,  0.22547042087E-012,  0.00000000000E+000,  0.00000000000E+000
  0.15603000000E+006,  0.20908222741E-002,  0.14074932004E-007,  0.00000000000E+000,  0.14831997313E-009,  0.22552620882E-012,  0.00000000000E+000,  0.00000000000E+000
