"           TIME(S)","              HEAT","            FLOW_G","            FLOW_L","      FLOW_G_WATER","        FLOW_G_AIR","      FLOW_L_WATER","        FLOW_L_AIR"
  0.15597600000E+006,  0.70614589621E+000,  0.46357806053E-005,  0.00000000000E+000,  0.48855377423E-007,  0.74280029249E-010,  0.00000000000E+000,  0.00000000000E+000
  0.15598800000E+006,  0.70623632529E+000,  0.46365472624E-005,  0.00000000000E+000,  0.48863452133E-007,  0.74292319844E-010,  0.00000000000E+000,  0.00000000000E+000
  0.15601200000E+006,  0.70641755864E+000,  0.46380837152E-005,  0.00000000000E+000,  0.48879634606E-007,  0.74316952498E-010,  0.00000000000E+000,  0.00000000000E+000
  0.15603000000E+006,  0.70655331369E+000,  0.46392346300E-005,  0.00000000000E+000,  0.48891756450E-007,  0.74335404384E-010,  0.00000000000E+000,  0.00000000000E+000
