"           TIME(S)","              PRES","              TEMP","             SAT_G","             SAT_L"
  0.15597600000E+006,  0.99185326598E+005,  0.62710301377E+001,  0.49997902087E+000,  0.50002097913E+000
  0.15598800000E+006,  0.99185697832E+005,  0.62710881035E+001,  0.49997902424E+000,  0.50002097576E+000
  0.15601200000E+006,  0.99186437712E+005,  0.62711968251E+001,  0.49997903106E+000,  0.50002096894E+000
  0.15603000000E+006,  0.99186991242E+005,  0.62712751226E+001,  0.49997903621E+000,  0.50002096379E+000
