"           TIME(S)","              HEAT","            FLOW_G","            FLOW_L","      FLOW_G_WATER","        FLOW_G_AIR","      FLOW_L_WATER","        FLOW_L_AIR"
  0.31535160000E+008,  0.10761997775E-001, -0.11025337011E-009,  0.00000000000E+000, -0.57883019309E-012, -0.00000000000E+000,  0.00000000000E+000,  0.00000000000E+000
  0.31535280000E+008,  0.10761643768E-001, -0.11022260100E-009,  0.00000000000E+000, -0.57866865524E-012, -0.00000000000E+000,  0.00000000000E+000,  0.00000000000E+000
  0.31535520000E+008,  0.10760936040E-001, -0.11016386598E-009,  0.00000000000E+000, -0.57836029638E-012, -0.00000000000E+000,  0.00000000000E+000,  0.00000000000E+000
  0.31535700000E+008,  0.10760405409E-001, -0.11012116788E-009,  0.00000000000E+000, -0.57813613135E-012, -0.00000000000E+000,  0.00000000000E+000,  0.00000000000E+000
