"           TIME(S)","              HEAT","            FLOW_G","            FLOW_L","      FLOW_G_WATER","        FLOW_G_AIR","      FLOW_L_WATER","        FLOW_L_AIR"
  0.31535160000E+008,  0.73779223938E+000, -0.19470515574E-008,  0.00000000000E+000, -0.10222020676E-010, -0.00000000000E+000,  0.00000000000E+000,  0.00000000000E+000
  0.31535280000E+008,  0.73776954707E+000, -0.19360260596E-008,  0.00000000000E+000, -0.10164136813E-010, -0.00000000000E+000,  0.00000000000E+000,  0.00000000000E+000
  0.31535520000E+008,  0.73772421109E+000, -0.19138153189E-008,  0.00000000000E+000, -0.10047530424E-010, -0.00000000000E+000,  0.00000000000E+000,  0.00000000000E+000
  0.31535700000E+008,  0.73769023265E+000, -0.18971125880E-008,  0.00000000000E+000, -0.99598410872E-011, -0.00000000000E+000,  0.00000000000E+000,  0.00000000000E+000
