"           TIME(S)","              HEAT","            FLOW_G","            FLOW_L","      FLOW_G_WATER","        FLOW_G_AIR","      FLOW_L_WATER","        FLOW_L_AIR"
  0.31535160000E+008,  0.22628010206E+001,  0.87559823941E-007,  0.00000000000E+000,  0.49313127199E-009,  0.14133225964E-011,  0.00000000000E+000,  0.00000000000E+000
  0.31535280000E+008,  0.22627334932E+001,  0.87620512508E-007,  0.00000000000E+000,  0.49347232190E-009,  0.14143022035E-011,  0.00000000000E+000,  0.00000000000E+000
  0.31535520000E+008,  0.22625977905E+001,  0.87734175250E-007,  0.00000000000E+000,  0.49411097296E-009,  0.14161368979E-011,  0.00000000000E+000,  0.00000000000E+000
  0.31535700000E+008,  0.22624959286E+001,  0.87817931890E-007,  0.00000000000E+000,  0.49458156548E-009,  0.14174888617E-011,  0.00000000000E+000,  0.00000000000E+000
