"           TIME(S)","              HEAT","            FLOW_G","            FLOW_L","      FLOW_G_WATER","        FLOW_G_AIR","      FLOW_L_WATER","        FLOW_L_AIR"
  0.31535160000E+008,  0.93893329814E+001,  0.35641770497E-006,  0.00000000000E+000,  0.20150789557E-008,  0.57528153184E-011,  0.00000000000E+000,  0.00000000000E+000
  0.31535280000E+008,  0.93890747885E+001,  0.35663605396E-006,  0.00000000000E+000,  0.20163104158E-008,  0.57563396949E-011,  0.00000000000E+000,  0.00000000000E+000
  0.31535520000E+008,  0.93885579817E+001,  0.35706480590E-006,  0.00000000000E+000,  0.20187284046E-008,  0.57632601934E-011,  0.00000000000E+000,  0.00000000000E+000
  0.31535700000E+008,  0.93881700434E+001,  0.35738090871E-006,  0.00000000000E+000,  0.20205110134E-008,  0.57683624210E-011,  0.00000000000E+000,  0.00000000000E+000
