"           TIME(S)","              HEAT","            FLOW_G","            FLOW_L"
  0.71946000000E+005,  0.17296501149E-002,  0.24986435382E-007,  0.00000000000E+000
  0.71958000000E+005,  0.17299832272E-002,  0.24990758282E-007,  0.00000000000E+000
  0.71982000000E+005,  0.17299087933E-002,  0.24992484155E-007,  0.00000000000E+000
  0.72000000000E+005,  0.17297586485E-002,  0.24992896525E-007,  0.00000000000E+000
