"           TIME(S)","              HEAT","            FLOW_G","            FLOW_L","      FLOW_G_WATER","        FLOW_G_AIR","      FLOW_L_WATER","        FLOW_L_AIR"
  0.31535160000E+008,  0.10690051575E-001, -0.31585822597E-010,  0.00000000000E+000, -0.16582556864E-012, -0.00000000000E+000,  0.00000000000E+000,  0.00000000000E+000
  0.31535280000E+008,  0.10689714141E-001, -0.31405855825E-010,  0.00000000000E+000, -0.16488074308E-012, -0.00000000000E+000,  0.00000000000E+000,  0.00000000000E+000
  0.31535520000E+008,  0.10689039350E-001, -0.31050748383E-010,  0.00000000000E+000, -0.16301642901E-012, -0.00000000000E+000,  0.00000000000E+000,  0.00000000000E+000
  0.31535700000E+008,  0.10688533676E-001, -0.30783236606E-010,  0.00000000000E+000, -0.16161199218E-012, -0.00000000000E+000,  0.00000000000E+000,  0.00000000000E+000
