"           TIME(S)","              HEAT","            FLOW_G","            FLOW_L","      FLOW_G_WATER","        FLOW_G_AIR","      FLOW_L_WATER","        FLOW_L_AIR"
  0.31535160000E+008, -0.13584582770E-001,  0.16668093244E-008,  0.00000000000E+000,  0.17315703105E-010,  0.26699902746E-013,  0.00000000000E+000,  0.00000000000E+000
  0.31535280000E+008, -0.13584632044E-001,  0.16669350902E-008,  0.00000000000E+000,  0.17317008351E-010,  0.26701917449E-013,  0.00000000000E+000,  0.00000000000E+000
  0.31535520000E+008, -0.13584732596E-001,  0.16671705035E-008,  0.00000000000E+000,  0.17319451402E-010,  0.26705688653E-013,  0.00000000000E+000,  0.00000000000E+000
  0.31535700000E+008, -0.13584808833E-001,  0.16673404111E-008,  0.00000000000E+000,  0.17321214583E-010,  0.26708410489E-013,  0.00000000000E+000,  0.00000000000E+000
