"           TIME(S)","              HEAT","            FLOW_G","            FLOW_L","      FLOW_G_WATER","        FLOW_G_AIR","      FLOW_L_WATER","        FLOW_L_AIR"
  0.31535160000E+008,  0.42496798420E+001,  0.22541998563E-006,  0.00000000000E+000,  0.12611481220E-008,  0.36387725612E-011,  0.00000000000E+000,  0.00000000000E+000
  0.31535280000E+008,  0.42495312821E+001,  0.22556012622E-006,  0.00000000000E+000,  0.12619302441E-008,  0.36410347884E-011,  0.00000000000E+000,  0.00000000000E+000
  0.31535520000E+008,  0.42492332608E+001,  0.22582887287E-006,  0.00000000000E+000,  0.12634299527E-008,  0.36453730504E-011,  0.00000000000E+000,  0.00000000000E+000
  0.31535700000E+008,  0.42490094424E+001,  0.22602612593E-006,  0.00000000000E+000,  0.12645306338E-008,  0.36485572237E-011,  0.00000000000E+000,  0.00000000000E+000
