"           TIME(S)","              HEAT","            FLOW_G","            FLOW_L","      FLOW_G_WATER","        FLOW_G_AIR","      FLOW_L_WATER","        FLOW_L_AIR"
  0.31535160000E+008,  0.99505196439E+001,  0.51862926187E-006,  0.00000000000E+000,  0.29067592207E-008,  0.83716619639E-011,  0.00000000000E+000,  0.00000000000E+000
  0.31535280000E+008,  0.99501984640E+001,  0.51893769064E-006,  0.00000000000E+000,  0.29084836023E-008,  0.83766407048E-011,  0.00000000000E+000,  0.00000000000E+000
  0.31535520000E+008,  0.99495543477E+001,  0.51953211452E-006,  0.00000000000E+000,  0.29118066224E-008,  0.83862360648E-011,  0.00000000000E+000,  0.00000000000E+000
  0.31535700000E+008,  0.99490705297E+001,  0.51996785966E-006,  0.00000000000E+000,  0.29142424233E-008,  0.83932699914E-011,  0.00000000000E+000,  0.00000000000E+000
