"           TIME(S)","              HEAT","            FLOW_G","            FLOW_L","      FLOW_G_WATER","        FLOW_G_AIR","      FLOW_L_WATER","        FLOW_L_AIR"
  0.31535160000E+008,  0.76934152850E+000,  0.87945528161E-008,  0.00000000000E+000,  0.49021553529E-010,  0.14196762281E-012,  0.00000000000E+000,  0.00000000000E+000
  0.31535280000E+008,  0.76931321002E+000,  0.88139092053E-008,  0.00000000000E+000,  0.49129378257E-010,  0.14228008854E-012,  0.00000000000E+000,  0.00000000000E+000
  0.31535520000E+008,  0.76925654839E+000,  0.88518901245E-008,  0.00000000000E+000,  0.49340947481E-010,  0.14289320585E-012,  0.00000000000E+000,  0.00000000000E+000
  0.31535700000E+008,  0.76921401572E+000,  0.88797365509E-008,  0.00000000000E+000,  0.49496060395E-010,  0.14334272444E-012,  0.00000000000E+000,  0.00000000000E+000
