"           TIME(S)","              HEAT","            FLOW_G","            FLOW_L","      FLOW_G_WATER","        FLOW_G_AIR","      FLOW_L_WATER","        FLOW_L_AIR"
  0.31535160000E+008,  0.86166044572E-001, -0.23834136393E-009,  0.00000000000E+000, -0.12512921606E-011, -0.00000000000E+000,  0.00000000000E+000,  0.00000000000E+000
  0.31535280000E+008,  0.86163337323E-001, -0.23698202390E-009,  0.00000000000E+000, -0.12441556255E-011, -0.00000000000E+000,  0.00000000000E+000,  0.00000000000E+000
  0.31535520000E+008,  0.86157922293E-001, -0.23430052087E-009,  0.00000000000E+000, -0.12300777346E-011, -0.00000000000E+000,  0.00000000000E+000,  0.00000000000E+000
  0.31535700000E+008,  0.86153863677E-001, -0.23228043307E-009,  0.00000000000E+000, -0.12194722736E-011, -0.00000000000E+000,  0.00000000000E+000,  0.00000000000E+000
