"           TIME(S)","              HEAT","            FLOW_G","            FLOW_L","      FLOW_G_WATER","        FLOW_G_AIR","      FLOW_L_WATER","        FLOW_L_AIR"
  0.31535160000E+008, -0.66326988269E+000,  0.25264780722E-006,  0.00000000000E+000,  0.26496556400E-008,  0.40464737110E-011,  0.00000000000E+000,  0.00000000000E+000
  0.31535280000E+008, -0.66329255603E+000,  0.25265989215E-006,  0.00000000000E+000,  0.26497819410E-008,  0.40466672871E-011,  0.00000000000E+000,  0.00000000000E+000
  0.31535520000E+008, -0.66333792619E+000,  0.25268384632E-006,  0.00000000000E+000,  0.26500322808E-008,  0.40470509844E-011,  0.00000000000E+000,  0.00000000000E+000
  0.31535700000E+008, -0.66337197072E+000,  0.25270165526E-006,  0.00000000000E+000,  0.26502183924E-008,  0.40473362476E-011,  0.00000000000E+000,  0.00000000000E+000
