"           TIME(S)","              HEAT","            FLOW_G","            FLOW_L","      FLOW_G_WATER","        FLOW_G_AIR","      FLOW_L_WATER","        FLOW_L_AIR"
  0.31535160000E+008,  0.23940651005E+001,  0.12916377178E-006,  0.00000000000E+000,  0.72159130461E-009,  0.20850127619E-011,  0.00000000000E+000,  0.00000000000E+000
  0.31535280000E+008,  0.23939783252E+001,  0.12924693538E-006,  0.00000000000E+000,  0.72205481175E-009,  0.20863552504E-011,  0.00000000000E+000,  0.00000000000E+000
  0.31535520000E+008,  0.23938041446E+001,  0.12940546974E-006,  0.00000000000E+000,  0.72293828784E-009,  0.20889144324E-011,  0.00000000000E+000,  0.00000000000E+000
  0.31535700000E+008,  0.23936733884E+001,  0.12952223568E-006,  0.00000000000E+000,  0.72358896595E-009,  0.20907993577E-011,  0.00000000000E+000,  0.00000000000E+000
