"           TIME(S)","              HEAT","            FLOW_G","            FLOW_L","      FLOW_G_WATER","        FLOW_G_AIR","      FLOW_L_WATER","        FLOW_L_AIR"
  0.31535160000E+008, -0.86411083497E+000,  0.74562722130E-006,  0.00000000000E+000,  0.78392720999E-008,  0.11941529480E-010,  0.00000000000E+000,  0.00000000000E+000
  0.31535280000E+008, -0.86415963724E+000,  0.74565623459E-006,  0.00000000000E+000,  0.78395761759E-008,  0.11941994185E-010,  0.00000000000E+000,  0.00000000000E+000
  0.31535520000E+008, -0.86425708675E+000,  0.74571556147E-006,  0.00000000000E+000,  0.78401979984E-008,  0.11942944420E-010,  0.00000000000E+000,  0.00000000000E+000
  0.31535700000E+008, -0.86433012133E+000,  0.74576051047E-006,  0.00000000000E+000,  0.78406691363E-008,  0.11943664366E-010,  0.00000000000E+000,  0.00000000000E+000
