"           TIME(S)","              HEAT","            FLOW_G","            FLOW_L","      FLOW_G_WATER","        FLOW_G_AIR","      FLOW_L_WATER","        FLOW_L_AIR"
  0.31535160000E+008, -0.72405836768E+000,  0.43418349335E-006,  0.00000000000E+000,  0.45609080952E-008,  0.69537804906E-011,  0.00000000000E+000,  0.00000000000E+000
  0.31535280000E+008, -0.72408996829E+000,  0.43420180394E-006,  0.00000000000E+000,  0.45610998204E-008,  0.69540737789E-011,  0.00000000000E+000,  0.00000000000E+000
  0.31535520000E+008, -0.72415313426E+000,  0.43423875812E-006,  0.00000000000E+000,  0.45614867688E-008,  0.69546656890E-011,  0.00000000000E+000,  0.00000000000E+000
  0.31535700000E+008, -0.72420050285E+000,  0.43426654177E-006,  0.00000000000E+000,  0.45617776942E-008,  0.69551107107E-011,  0.00000000000E+000,  0.00000000000E+000
