"           TIME(S)","              HEAT","            FLOW_G","            FLOW_L"
  0.71946000000E+005,  0.65896526854E-004,  0.99237515447E-009,  0.00000000000E+000
  0.71958000000E+005,  0.65888285402E-004,  0.99234607996E-009,  0.00000000000E+000
  0.71982000000E+005,  0.65880286342E-004,  0.99235683472E-009,  0.00000000000E+000
  0.72000000000E+005,  0.65874717702E-004,  0.99236463290E-009,  0.00000000000E+000
