"           TIME(S)","              HEAT","            FLOW_G","            FLOW_L"
  0.71946000000E+005,  0.10492851355E-003,  0.15820416665E-008,  0.00000000000E+000
  0.71958000000E+005,  0.10491502198E-003,  0.15819939946E-008,  0.00000000000E+000
  0.71982000000E+005,  0.10490215030E-003,  0.15820121426E-008,  0.00000000000E+000
  0.72000000000E+005,  0.10489321607E-003,  0.15820247304E-008,  0.00000000000E+000
