"           TIME(S)","              HEAT","            FLOW_G","            FLOW_L","      FLOW_G_WATER","        FLOW_G_AIR","      FLOW_L_WATER","        FLOW_L_AIR"
  0.31535160000E+008, -0.30178832370E+000,  0.49982062100E-007,  0.00000000000E+000,  0.52120696421E-009,  0.80059903575E-012,  0.00000000000E+000,  0.00000000000E+000
  0.31535280000E+008, -0.30179160160E+000,  0.49985356127E-007,  0.00000000000E+000,  0.52124124622E-009,  0.80065180221E-012,  0.00000000000E+000,  0.00000000000E+000
  0.31535520000E+008, -0.30179818659E+000,  0.49991623679E-007,  0.00000000000E+000,  0.52130646836E-009,  0.80075220116E-012,  0.00000000000E+000,  0.00000000000E+000
  0.31535700000E+008, -0.30180313747E+000,  0.49996180369E-007,  0.00000000000E+000,  0.52135388374E-009,  0.80082519413E-012,  0.00000000000E+000,  0.00000000000E+000
