"           TIME(S)","              HEAT","            FLOW_G","            FLOW_L","      FLOW_G_WATER","        FLOW_G_AIR","      FLOW_L_WATER","        FLOW_L_AIR"
  0.31535160000E+008,  0.17043440838E+001,  0.66259971273E-007,  0.00000000000E+000,  0.37290486739E-009,  0.10695231607E-011,  0.00000000000E+000,  0.00000000000E+000
  0.31535280000E+008,  0.17042933598E+001,  0.66307900506E-007,  0.00000000000E+000,  0.37317405368E-009,  0.10702968161E-011,  0.00000000000E+000,  0.00000000000E+000
  0.31535520000E+008,  0.17041911501E+001,  0.66395123417E-007,  0.00000000000E+000,  0.37366382485E-009,  0.10717047377E-011,  0.00000000000E+000,  0.00000000000E+000
  0.31535700000E+008,  0.17041144277E+001,  0.66459390705E-007,  0.00000000000E+000,  0.37402468033E-009,  0.10727421180E-011,  0.00000000000E+000,  0.00000000000E+000
