"           TIME(S)","              HEAT","            FLOW_G","            FLOW_L","      FLOW_G_WATER","        FLOW_G_AIR","      FLOW_L_WATER","        FLOW_L_AIR"
  0.31535160000E+008,  0.14577734362E+000, -0.40128913333E-009,  0.00000000000E+000, -0.21067679500E-011, -0.00000000000E+000,  0.00000000000E+000,  0.00000000000E+000
  0.31535280000E+008,  0.14577279670E+000, -0.39899807305E-009,  0.00000000000E+000, -0.20947398835E-011, -0.00000000000E+000,  0.00000000000E+000,  0.00000000000E+000
  0.31535520000E+008,  0.14576370140E+000, -0.39447981420E-009,  0.00000000000E+000, -0.20710190246E-011, -0.00000000000E+000,  0.00000000000E+000,  0.00000000000E+000
  0.31535700000E+008,  0.14575688396E+000, -0.39107594875E-009,  0.00000000000E+000, -0.20531487309E-011, -0.00000000000E+000,  0.00000000000E+000,  0.00000000000E+000
