"           TIME(S)","              HEAT","            FLOW_G","            FLOW_L","      FLOW_G_WATER","        FLOW_G_AIR","      FLOW_L_WATER","        FLOW_L_AIR"
  0.31535160000E+008,  0.18579112771E-001,  0.74097967623E-009,  0.00000000000E+000,  0.41553708335E-011,  0.11960701965E-013,  0.00000000000E+000,  0.00000000000E+000
  0.31535280000E+008,  0.18578526994E-001,  0.74129657019E-009,  0.00000000000E+000,  0.41571421346E-011,  0.11965817338E-013,  0.00000000000E+000,  0.00000000000E+000
  0.31535520000E+008,  0.18577396765E-001,  0.74234350863E-009,  0.00000000000E+000,  0.41630016442E-011,  0.11982717057E-013,  0.00000000000E+000,  0.00000000000E+000
  0.31535700000E+008,  0.18576548271E-001,  0.74311484358E-009,  0.00000000000E+000,  0.41673184846E-011,  0.11995167978E-013,  0.00000000000E+000,  0.00000000000E+000
