"           TIME(S)","              HEAT","            FLOW_G","            FLOW_L","      FLOW_G_WATER","        FLOW_G_AIR","      FLOW_L_WATER","        FLOW_L_AIR"
  0.31535160000E+008,  0.31148865964E-001,  0.18015107816E-008,  0.00000000000E+000,  0.10019802347E-010,  0.29081681752E-013,  0.00000000000E+000,  0.00000000000E+000
  0.31535280000E+008,  0.31147741228E-001,  0.18027497260E-008,  0.00000000000E+000,  0.10026679612E-010,  0.29101682320E-013,  0.00000000000E+000,  0.00000000000E+000
  0.31535520000E+008,  0.31145494977E-001,  0.18052430172E-008,  0.00000000000E+000,  0.10040519769E-010,  0.29141932096E-013,  0.00000000000E+000,  0.00000000000E+000
  0.31535700000E+008,  0.31143797465E-001,  0.18069699194E-008,  0.00000000000E+000,  0.10050104138E-010,  0.29169809920E-013,  0.00000000000E+000,  0.00000000000E+000
