"           TIME(S)","              HEAT","            FLOW_G","            FLOW_L","      FLOW_G_WATER","        FLOW_G_AIR","      FLOW_L_WATER","        FLOW_L_AIR"
  0.31535160000E+008,  0.14564923791E-001, -0.40351947094E-010,  0.00000000000E+000, -0.21184772224E-012, -0.00000000000E+000,  0.00000000000E+000,  0.00000000000E+000
  0.31535280000E+008,  0.14564462538E-001, -0.40122033299E-010,  0.00000000000E+000, -0.21064067482E-012, -0.00000000000E+000,  0.00000000000E+000,  0.00000000000E+000
  0.31535520000E+008,  0.14563540188E-001, -0.39668373093E-010,  0.00000000000E+000, -0.20825895874E-012, -0.00000000000E+000,  0.00000000000E+000,  0.00000000000E+000
  0.31535700000E+008,  0.14562848987E-001, -0.39326618877E-010,  0.00000000000E+000, -0.20646474910E-012, -0.00000000000E+000,  0.00000000000E+000,  0.00000000000E+000
