"           TIME(S)","              HEAT","            FLOW_G","            FLOW_L","      FLOW_G_WATER","        FLOW_G_AIR","      FLOW_L_WATER","        FLOW_L_AIR"
  0.31535160000E+008,  0.11198954844E+000, -0.30913803521E-009,  0.00000000000E+000, -0.16229746849E-011, -0.00000000000E+000,  0.00000000000E+000,  0.00000000000E+000
  0.31535280000E+008,  0.11198604136E+000, -0.30737413488E-009,  0.00000000000E+000, -0.16137142081E-011, -0.00000000000E+000,  0.00000000000E+000,  0.00000000000E+000
  0.31535520000E+008,  0.11197902631E+000, -0.30389497081E-009,  0.00000000000E+000, -0.15954485967E-011, -0.00000000000E+000,  0.00000000000E+000,  0.00000000000E+000
  0.31535700000E+008,  0.11197376838E+000, -0.30127394794E-009,  0.00000000000E+000, -0.15816882267E-011, -0.00000000000E+000,  0.00000000000E+000,  0.00000000000E+000
