"           TIME(S)","              HEAT","            FLOW_G","            FLOW_L"
  0.71946000000E+005,  0.13334432937E-003,  0.20083344985E-008,  0.00000000000E+000
  0.71958000000E+005,  0.13333425706E-003,  0.20082736634E-008,  0.00000000000E+000
  0.71982000000E+005,  0.13332841019E-003,  0.20082985664E-008,  0.00000000000E+000
  0.72000000000E+005,  0.13332315004E-003,  0.20083149922E-008,  0.00000000000E+000
