"           TIME(S)","              HEAT","            FLOW_G","            FLOW_L","      FLOW_G_WATER","        FLOW_G_AIR","      FLOW_L_WATER","        FLOW_L_AIR"
  0.31535160000E+008,  0.14538952359E+000,  0.57923596876E-008,  0.00000000000E+000,  0.32494281048E-010,  0.93498567839E-013,  0.00000000000E+000,  0.00000000000E+000
  0.31535280000E+008,  0.14538498478E+000,  0.57945800384E-008,  0.00000000000E+000,  0.32506691668E-010,  0.93534409279E-013,  0.00000000000E+000,  0.00000000000E+000
  0.31535520000E+008,  0.14537627187E+000,  0.58027031284E-008,  0.00000000000E+000,  0.32552170410E-010,  0.93665532216E-013,  0.00000000000E+000,  0.00000000000E+000
  0.31535700000E+008,  0.14536972927E+000,  0.58086874666E-008,  0.00000000000E+000,  0.32585673582E-010,  0.93762131451E-013,  0.00000000000E+000,  0.00000000000E+000
