"           TIME(S)","              HEAT","            FLOW_G","            FLOW_L","      FLOW_G_WATER","        FLOW_G_AIR","      FLOW_L_WATER","        FLOW_L_AIR"
  0.31535160000E+008,  0.58202184672E+000,  0.32681559954E-007,  0.00000000000E+000,  0.18206316180E-009,  0.52757051650E-012,  0.00000000000E+000,  0.00000000000E+000
  0.31535280000E+008,  0.58200136606E+000,  0.32704392425E-007,  0.00000000000E+000,  0.18219010486E-009,  0.52793910219E-012,  0.00000000000E+000,  0.00000000000E+000
  0.31535520000E+008,  0.58196006998E+000,  0.32746298466E-007,  0.00000000000E+000,  0.18242305021E-009,  0.52861559451E-012,  0.00000000000E+000,  0.00000000000E+000
  0.31535700000E+008,  0.58192916869E+000,  0.32778254350E-007,  0.00000000000E+000,  0.18260069080E-009,  0.52913146056E-012,  0.00000000000E+000,  0.00000000000E+000
