"           TIME(S)","              HEAT","            FLOW_G","            FLOW_L","      FLOW_G_WATER","        FLOW_G_AIR","      FLOW_L_WATER","        FLOW_L_AIR"
  0.31535160000E+008,  0.30084858846E+001,  0.11586593324E-006,  0.00000000000E+000,  0.65305404261E-009,  0.18702056801E-011,  0.00000000000E+000,  0.00000000000E+000
  0.31535280000E+008,  0.30083964928E+001,  0.11594347282E-006,  0.00000000000E+000,  0.65349008351E-009,  0.18714572818E-011,  0.00000000000E+000,  0.00000000000E+000
  0.31535520000E+008,  0.30082171689E+001,  0.11609163010E-006,  0.00000000000E+000,  0.65432314912E-009,  0.18738487580E-011,  0.00000000000E+000,  0.00000000000E+000
  0.31535700000E+008,  0.30080825642E+001,  0.11620081645E-006,  0.00000000000E+000,  0.65493705875E-009,  0.18756111869E-011,  0.00000000000E+000,  0.00000000000E+000
