"           TIME(S)","              HEAT","            FLOW_G","            FLOW_L","      FLOW_G_WATER","        FLOW_G_AIR","      FLOW_L_WATER","        FLOW_L_AIR"
  0.31535160000E+008,  0.17962241288E+001,  0.21790834070E-007,  0.00000000000E+000,  0.12166757333E-009,  0.35175776121E-012,  0.00000000000E+000,  0.00000000000E+000
  0.31535280000E+008,  0.17961568020E+001,  0.21834045535E-007,  0.00000000000E+000,  0.12190865877E-009,  0.35245530548E-012,  0.00000000000E+000,  0.00000000000E+000
  0.31535520000E+008,  0.17960219914E+001,  0.21917746611E-007,  0.00000000000E+000,  0.12237563054E-009,  0.35380645660E-012,  0.00000000000E+000,  0.00000000000E+000
  0.31535700000E+008,  0.17959208398E+001,  0.21979480876E-007,  0.00000000000E+000,  0.12272004234E-009,  0.35480300694E-012,  0.00000000000E+000,  0.00000000000E+000
