"           TIME(S)","              HEAT","            FLOW_G","            FLOW_L","      FLOW_G_WATER","        FLOW_G_AIR","      FLOW_L_WATER","        FLOW_L_AIR"
  0.31535160000E+008,  0.11436400447E-001,  0.12532965353E-009,  0.00000000000E+000,  0.69719605070E-012,  0.20231848573E-014,  0.00000000000E+000,  0.00000000000E+000
  0.31535280000E+008,  0.11435975587E-001,  0.12566908416E-009,  0.00000000000E+000,  0.69908331791E-012,  0.20286642794E-014,  0.00000000000E+000,  0.00000000000E+000
  0.31535520000E+008,  0.11435121185E-001,  0.12629211252E-009,  0.00000000000E+000,  0.70254724709E-012,  0.20387218184E-014,  0.00000000000E+000,  0.00000000000E+000
  0.31535700000E+008,  0.11434478024E-001,  0.12673079373E-009,  0.00000000000E+000,  0.70498613991E-012,  0.20458034462E-014,  0.00000000000E+000,  0.00000000000E+000
