"           TIME(S)","              HEAT","            FLOW_G","            FLOW_L"
  0.71946000000E+005,  0.33859958687E-001,  0.46992068540E-006,  0.00000000000E+000
  0.71958000000E+005,  0.33848410487E-001,  0.46983575249E-006,  0.00000000000E+000
  0.71982000000E+005,  0.33841590366E-001,  0.46981788335E-006,  0.00000000000E+000
  0.72000000000E+005,  0.33838283099E-001,  0.46982134901E-006,  0.00000000000E+000
