"           TIME(S)","              HEAT","            FLOW_G","            FLOW_L","      FLOW_G_WATER","        FLOW_G_AIR","      FLOW_L_WATER","        FLOW_L_AIR"
  0.31535160000E+008,  0.76913211400E+000,  0.42905911408E-007,  0.00000000000E+000,  0.23912327892E-009,  0.69261753403E-012,  0.00000000000E+000,  0.00000000000E+000
  0.31535280000E+008,  0.76910478012E+000,  0.42935436391E-007,  0.00000000000E+000,  0.23928748957E-009,  0.69309415599E-012,  0.00000000000E+000,  0.00000000000E+000
  0.31535520000E+008,  0.76904974753E+000,  0.42990243340E-007,  0.00000000000E+000,  0.23959226297E-009,  0.69397890610E-012,  0.00000000000E+000,  0.00000000000E+000
  0.31535700000E+008,  0.76900852148E+000,  0.43031573338E-007,  0.00000000000E+000,  0.23982209496E-009,  0.69464609738E-012,  0.00000000000E+000,  0.00000000000E+000
