"           TIME(S)","              HEAT","            FLOW_G","            FLOW_L","      FLOW_G_WATER","        FLOW_G_AIR","      FLOW_L_WATER","        FLOW_L_AIR"
  0.31535160000E+008,  0.18798922284E-001,  0.20475257640E-009,  0.00000000000E+000,  0.11390207232E-011,  0.33053017839E-014,  0.00000000000E+000,  0.00000000000E+000
  0.31535280000E+008,  0.18798224009E-001,  0.20531090699E-009,  0.00000000000E+000,  0.11421251144E-011,  0.33143149036E-014,  0.00000000000E+000,  0.00000000000E+000
  0.31535520000E+008,  0.18796819724E-001,  0.20633548519E-009,  0.00000000000E+000,  0.11478216266E-011,  0.33308546567E-014,  0.00000000000E+000,  0.00000000000E+000
  0.31535700000E+008,  0.18795762608E-001,  0.20705678649E-009,  0.00000000000E+000,  0.11518318004E-011,  0.33424986188E-014,  0.00000000000E+000,  0.00000000000E+000
