"           TIME(S)","              HEAT","            FLOW_G","            FLOW_L","      FLOW_G_WATER","        FLOW_G_AIR","      FLOW_L_WATER","        FLOW_L_AIR"
  0.31535160000E+008, -0.64073201624E-002,  0.78848914657E-009,  0.00000000000E+000,  0.81906532434E-011,  0.12630483321E-013,  0.00000000000E+000,  0.00000000000E+000
  0.31535280000E+008, -0.64073428599E-002,  0.78854832599E-009,  0.00000000000E+000,  0.81912673896E-011,  0.12631431346E-013,  0.00000000000E+000,  0.00000000000E+000
  0.31535520000E+008, -0.64073890984E-002,  0.78865907870E-009,  0.00000000000E+000,  0.81924166750E-011,  0.12633205551E-013,  0.00000000000E+000,  0.00000000000E+000
  0.31535700000E+008, -0.64074241081E-002,  0.78873900644E-009,  0.00000000000E+000,  0.81932460567E-011,  0.12634485956E-013,  0.00000000000E+000,  0.00000000000E+000
