"           TIME(S)","              HEAT","            FLOW_G","            FLOW_L","      FLOW_G_WATER","        FLOW_G_AIR","      FLOW_L_WATER","        FLOW_L_AIR"
  0.31535160000E+008, -0.24735975356E+000,  0.38236859195E-007,  0.00000000000E+000,  0.39844299935E-009,  0.61247392029E-012,  0.00000000000E+000,  0.00000000000E+000
  0.31535280000E+008, -0.24736173636E+000,  0.38239461612E-007,  0.00000000000E+000,  0.39847007475E-009,  0.61251560815E-012,  0.00000000000E+000,  0.00000000000E+000
  0.31535520000E+008, -0.24736572961E+000,  0.38244395262E-007,  0.00000000000E+000,  0.39852139990E-009,  0.61259463989E-012,  0.00000000000E+000,  0.00000000000E+000
  0.31535700000E+008, -0.24736873624E+000,  0.38247976030E-007,  0.00000000000E+000,  0.39855864892E-009,  0.61265199996E-012,  0.00000000000E+000,  0.00000000000E+000
