"           TIME(S)","              HEAT","            FLOW_G","            FLOW_L"
  0.71946000000E+005,  0.46368155924E-003,  0.68854175240E-008,  0.00000000000E+000
  0.71958000000E+005,  0.46367537940E-003,  0.68856896829E-008,  0.00000000000E+000
  0.71982000000E+005,  0.46362592687E-003,  0.68858831251E-008,  0.00000000000E+000
  0.72000000000E+005,  0.46358139779E-003,  0.68859563342E-008,  0.00000000000E+000
