"           TIME(S)","              HEAT","            FLOW_G","            FLOW_L"
  0.71946000000E+005,  0.27914146193E-003,  0.41735800682E-008,  0.00000000000E+000
  0.71958000000E+005,  0.27911627006E-003,  0.41735071743E-008,  0.00000000000E+000
  0.71982000000E+005,  0.27908971531E-003,  0.41735865253E-008,  0.00000000000E+000
  0.72000000000E+005,  0.27906744441E-003,  0.41736253055E-008,  0.00000000000E+000
