"           TIME(S)","              HEAT","            FLOW_G","            FLOW_L","      FLOW_G_WATER","        FLOW_G_AIR","      FLOW_L_WATER","        FLOW_L_AIR"
  0.31535160000E+008,  0.66236198998E-001,  0.26434080553E-008,  0.00000000000E+000,  0.14825622662E-010,  0.42669183461E-013,  0.00000000000E+000,  0.00000000000E+000
  0.31535280000E+008,  0.66234117973E-001,  0.26445003260E-008,  0.00000000000E+000,  0.14831727973E-010,  0.42686815146E-013,  0.00000000000E+000,  0.00000000000E+000
  0.31535520000E+008,  0.66230109028E-001,  0.26482262494E-008,  0.00000000000E+000,  0.14852583407E-010,  0.42746959102E-013,  0.00000000000E+000,  0.00000000000E+000
  0.31535700000E+008,  0.66227098900E-001,  0.26509712676E-008,  0.00000000000E+000,  0.14867947724E-010,  0.42791269276E-013,  0.00000000000E+000,  0.00000000000E+000
