"           TIME(S)","              HEAT","            FLOW_G","            FLOW_L","      FLOW_G_WATER","        FLOW_G_AIR","      FLOW_L_WATER","        FLOW_L_AIR"
  0.31535160000E+008, -0.48035405649E-001,  0.60173956472E-008,  0.00000000000E+000,  0.62539491281E-010,  0.96389492530E-013,  0.00000000000E+000,  0.00000000000E+000
  0.31535280000E+008, -0.48035564035E-001,  0.60178476915E-008,  0.00000000000E+000,  0.62544185226E-010,  0.96396733995E-013,  0.00000000000E+000,  0.00000000000E+000
  0.31535520000E+008, -0.48035889695E-001,  0.60186951072E-008,  0.00000000000E+000,  0.62552984094E-010,  0.96410309073E-013,  0.00000000000E+000,  0.00000000000E+000
  0.31535700000E+008, -0.48036137947E-001,  0.60193071092E-008,  0.00000000000E+000,  0.62559338371E-010,  0.96420112974E-013,  0.00000000000E+000,  0.00000000000E+000
