"           TIME(S)","              HEAT","            FLOW_G","            FLOW_L","      FLOW_G_WATER","        FLOW_G_AIR","      FLOW_L_WATER","        FLOW_L_AIR"
  0.31535160000E+008,  0.10185141387E+001,  0.11850140829E-007,  0.00000000000E+000,  0.66085967598E-010,  0.19129227752E-012,  0.00000000000E+000,  0.00000000000E+000
  0.31535280000E+008,  0.10184763247E+001,  0.11875497169E-007,  0.00000000000E+000,  0.66227279576E-010,  0.19170159765E-012,  0.00000000000E+000,  0.00000000000E+000
  0.31535520000E+008,  0.10184006377E+001,  0.11924952703E-007,  0.00000000000E+000,  0.66502891634E-010,  0.19249994432E-012,  0.00000000000E+000,  0.00000000000E+000
  0.31535700000E+008,  0.10183438360E+001,  0.11961274230E-007,  0.00000000000E+000,  0.66705304922E-010,  0.19308627253E-012,  0.00000000000E+000,  0.00000000000E+000
