"           TIME(S)","              HEAT","            FLOW_G","            FLOW_L"
  0.71946000000E+005,  0.67261964810E-002,  0.94018367759E-007,  0.00000000000E+000
  0.71958000000E+005,  0.67259423279E-002,  0.94020581162E-007,  0.00000000000E+000
  0.71982000000E+005,  0.67251678417E-002,  0.94022515141E-007,  0.00000000000E+000
  0.72000000000E+005,  0.67245408758E-002,  0.94023531560E-007,  0.00000000000E+000
