"           TIME(S)","              HEAT","            FLOW_G","            FLOW_L","      FLOW_G_WATER","        FLOW_G_AIR","      FLOW_L_WATER","        FLOW_L_AIR"
  0.31535160000E+008,  0.52245014414E-001,  0.56356385570E-009,  0.00000000000E+000,  0.31353082712E-011,  0.90975548270E-014,  0.00000000000E+000,  0.00000000000E+000
  0.31535280000E+008,  0.52243082314E-001,  0.56511367983E-009,  0.00000000000E+000,  0.31439262323E-011,  0.91225735953E-014,  0.00000000000E+000,  0.00000000000E+000
  0.31535520000E+008,  0.52239195182E-001,  0.56795276398E-009,  0.00000000000E+000,  0.31597124836E-011,  0.91684048734E-014,  0.00000000000E+000,  0.00000000000E+000
  0.31535700000E+008,  0.52236268290E-001,  0.56994906568E-009,  0.00000000000E+000,  0.31708121331E-011,  0.92006311429E-014,  0.00000000000E+000,  0.00000000000E+000
