"           TIME(S)","              HEAT","            FLOW_G","            FLOW_L","      FLOW_G_WATER","        FLOW_G_AIR","      FLOW_L_WATER","        FLOW_L_AIR"
  0.31535160000E+008,  0.18765963416E-001,  0.10869366155E-008,  0.00000000000E+000,  0.60452755707E-011,  0.17546355265E-013,  0.00000000000E+000,  0.00000000000E+000
  0.31535280000E+008,  0.18765285033E-001,  0.10876841218E-008,  0.00000000000E+000,  0.60494248049E-011,  0.17558422434E-013,  0.00000000000E+000,  0.00000000000E+000
  0.31535520000E+008,  0.18763930351E-001,  0.10891871207E-008,  0.00000000000E+000,  0.60577676715E-011,  0.17582685697E-013,  0.00000000000E+000,  0.00000000000E+000
  0.31535700000E+008,  0.18762906686E-001,  0.10902289693E-008,  0.00000000000E+000,  0.60635498248E-011,  0.17599504526E-013,  0.00000000000E+000,  0.00000000000E+000
