"           TIME(S)","              HEAT","            FLOW_G","            FLOW_L"
  0.71946000000E+005,  0.21762983635E-003,  0.32619887734E-008,  0.00000000000E+000
  0.71958000000E+005,  0.21759951524E-003,  0.32618593330E-008,  0.00000000000E+000
  0.71982000000E+005,  0.21757281797E-003,  0.32619111750E-008,  0.00000000000E+000
  0.72000000000E+005,  0.21755206532E-003,  0.32619399445E-008,  0.00000000000E+000
