"           TIME(S)","              HEAT","            FLOW_G","            FLOW_L","      FLOW_G_WATER","        FLOW_G_AIR","      FLOW_L_WATER","        FLOW_L_AIR"
  0.31535160000E+008,  0.23911331820E+001,  0.29691847375E-007,  0.00000000000E+000,  0.16589429734E-009,  0.47929689494E-012,  0.00000000000E+000,  0.00000000000E+000
  0.31535280000E+008,  0.23910440125E+001,  0.29748118165E-007,  0.00000000000E+000,  0.16620844150E-009,  0.48020524562E-012,  0.00000000000E+000,  0.00000000000E+000
  0.31535520000E+008,  0.23908654471E+001,  0.29856955002E-007,  0.00000000000E+000,  0.16681602826E-009,  0.48196214368E-012,  0.00000000000E+000,  0.00000000000E+000
  0.31535700000E+008,  0.23907314857E+001,  0.29937422064E-007,  0.00000000000E+000,  0.16726523186E-009,  0.48326108300E-012,  0.00000000000E+000,  0.00000000000E+000
