"           TIME(S)","              HEAT","            FLOW_G","            FLOW_L","      FLOW_G_WATER","        FLOW_G_AIR","      FLOW_L_WATER","        FLOW_L_AIR"
  0.31535160000E+008,  0.17976908384E+001,  0.97864817761E-007,  0.00000000000E+000,  0.54635734739E-009,  0.15797817366E-011,  0.00000000000E+000,  0.00000000000E+000
  0.31535280000E+008,  0.17976253970E+001,  0.97928939331E-007,  0.00000000000E+000,  0.54671450236E-009,  0.15808168397E-011,  0.00000000000E+000,  0.00000000000E+000
  0.31535520000E+008,  0.17974939891E+001,  0.98050640648E-007,  0.00000000000E+000,  0.54739228901E-009,  0.15827814446E-011,  0.00000000000E+000,  0.00000000000E+000
  0.31535700000E+008,  0.17973953631E+001,  0.98140574971E-007,  0.00000000000E+000,  0.54789313687E-009,  0.15842332406E-011,  0.00000000000E+000,  0.00000000000E+000
