"           TIME(S)","              HEAT","            FLOW_G","            FLOW_L","      FLOW_G_WATER","        FLOW_G_AIR","      FLOW_L_WATER","        FLOW_L_AIR"
  0.31535160000E+008, -0.76377706930E+000,  0.56916582166E-006,  0.00000000000E+000,  0.59821506726E-008,  0.91155119278E-011,  0.00000000000E+000,  0.00000000000E+000
  0.31535280000E+008, -0.76381561040E+000,  0.56918866040E-006,  0.00000000000E+000,  0.59823899590E-008,  0.91158777396E-011,  0.00000000000E+000,  0.00000000000E+000
  0.31535520000E+008, -0.76389260451E+000,  0.56923510499E-006,  0.00000000000E+000,  0.59828765939E-008,  0.91166216495E-011,  0.00000000000E+000,  0.00000000000E+000
  0.31535700000E+008, -0.76395032191E+000,  0.56927018975E-006,  0.00000000000E+000,  0.59832442111E-008,  0.91171836068E-011,  0.00000000000E+000,  0.00000000000E+000
