"           TIME(S)","              HEAT","            FLOW_G","            FLOW_L","      FLOW_G_WATER","        FLOW_G_AIR","      FLOW_L_WATER","        FLOW_L_AIR"
  0.31535160000E+008,  0.23901849753E-001, -0.66366360998E-010,  0.00000000000E+000, -0.34842339524E-012, -0.00000000000E+000,  0.00000000000E+000,  0.00000000000E+000
  0.31535280000E+008,  0.23901093256E-001, -0.65988201261E-010,  0.00000000000E+000, -0.34643805662E-012, -0.00000000000E+000,  0.00000000000E+000,  0.00000000000E+000
  0.31535520000E+008,  0.23899580439E-001, -0.65242042698E-010,  0.00000000000E+000, -0.34252072417E-012, -0.00000000000E+000,  0.00000000000E+000,  0.00000000000E+000
  0.31535700000E+008,  0.23898446728E-001, -0.64679940903E-010,  0.00000000000E+000, -0.33956968974E-012, -0.00000000000E+000,  0.00000000000E+000,  0.00000000000E+000
