"           TIME(S)","              HEAT","            FLOW_G","            FLOW_L","      FLOW_G_WATER","        FLOW_G_AIR","      FLOW_L_WATER","        FLOW_L_AIR"
  0.31535160000E+008,  0.24204400350E-001,  0.26284310162E-009,  0.00000000000E+000,  0.14621853361E-011,  0.42430516010E-014,  0.00000000000E+000,  0.00000000000E+000
  0.31535280000E+008,  0.24203501665E-001,  0.26356195996E-009,  0.00000000000E+000,  0.14661823219E-011,  0.42546561167E-014,  0.00000000000E+000,  0.00000000000E+000
  0.31535520000E+008,  0.24201694224E-001,  0.26488080825E-009,  0.00000000000E+000,  0.14735150068E-011,  0.42759462673E-014,  0.00000000000E+000,  0.00000000000E+000
  0.31535700000E+008,  0.24200333543E-001,  0.26580912708E-009,  0.00000000000E+000,  0.14786761734E-011,  0.42909321112E-014,  0.00000000000E+000,  0.00000000000E+000
