"           TIME(S)","              HEAT","            FLOW_G","            FLOW_L"
  0.71946000000E+005,  0.82770284553E-004,  0.12496953120E-008,  0.00000000000E+000
  0.71958000000E+005,  0.82765220978E-004,  0.12496575676E-008,  0.00000000000E+000
  0.71982000000E+005,  0.82762479144E-004,  0.12496712139E-008,  0.00000000000E+000
  0.72000000000E+005,  0.82759485193E-004,  0.12496809686E-008,  0.00000000000E+000
