"           TIME(S)","              HEAT","            FLOW_G","            FLOW_L","      FLOW_G_WATER","        FLOW_G_AIR","      FLOW_L_WATER","        FLOW_L_AIR"
  0.31535160000E+008,  0.12860096487E+001,  0.50218755463E-007,  0.00000000000E+000,  0.28244472931E-009,  0.81060094415E-012,  0.00000000000E+000,  0.00000000000E+000
  0.31535280000E+008,  0.12859716760E+001,  0.50256994004E-007,  0.00000000000E+000,  0.28265938042E-009,  0.81121817849E-012,  0.00000000000E+000,  0.00000000000E+000
  0.31535520000E+008,  0.12858948618E+001,  0.50323937819E-007,  0.00000000000E+000,  0.28303506382E-009,  0.81229876686E-012,  0.00000000000E+000,  0.00000000000E+000
  0.31535700000E+008,  0.12858372002E+001,  0.50373259166E-007,  0.00000000000E+000,  0.28331183930E-009,  0.81309489856E-012,  0.00000000000E+000,  0.00000000000E+000
