"           TIME(S)","              HEAT","            FLOW_G","            FLOW_L"
  0.71946000000E+005,  0.51253110133E-002,  0.72002555052E-007,  0.00000000000E+000
  0.71958000000E+005,  0.51261752836E-002,  0.72014138249E-007,  0.00000000000E+000
  0.71982000000E+005,  0.51258602476E-002,  0.72018211662E-007,  0.00000000000E+000
  0.72000000000E+005,  0.51254095759E-002,  0.72019261211E-007,  0.00000000000E+000
