"           TIME(S)","              HEAT","            FLOW_G","            FLOW_L","      FLOW_G_WATER","        FLOW_G_AIR","      FLOW_L_WATER","        FLOW_L_AIR"
  0.31535160000E+008,  0.67668382205E-001,  0.39009865260E-008,  0.00000000000E+000,  0.21699194183E-010,  0.62973352355E-013,  0.00000000000E+000,  0.00000000000E+000
  0.31535280000E+008,  0.67665952601E-001,  0.39036613527E-008,  0.00000000000E+000,  0.21714043486E-010,  0.63016532678E-013,  0.00000000000E+000,  0.00000000000E+000
  0.31535520000E+008,  0.67661101251E-001,  0.39090613336E-008,  0.00000000000E+000,  0.21744021950E-010,  0.63103705760E-013,  0.00000000000E+000,  0.00000000000E+000
  0.31535700000E+008,  0.67657433122E-001,  0.39127904827E-008,  0.00000000000E+000,  0.21764721071E-010,  0.63163906328E-013,  0.00000000000E+000,  0.00000000000E+000
