"           TIME(S)","              HEAT","            FLOW_G","            FLOW_L"
  0.71946000000E+005,  0.75964353760E-001,  0.10534917827E-005,  0.00000000000E+000
  0.71958000000E+005,  0.75938431857E-001,  0.10533013057E-005,  0.00000000000E+000
  0.71982000000E+005,  0.75923441999E-001,  0.10532645156E-005,  0.00000000000E+000
  0.72000000000E+005,  0.75916437100E-001,  0.10532764607E-005,  0.00000000000E+000
