"           TIME(S)","              HEAT","            FLOW_G","            FLOW_L","      FLOW_G_WATER","        FLOW_G_AIR","      FLOW_L_WATER","        FLOW_L_AIR"
  0.31535160000E+008,  0.85926131429E-001,  0.34278571611E-008,  0.00000000000E+000,  0.19226322476E-010,  0.55331529925E-013,  0.00000000000E+000,  0.00000000000E+000
  0.31535280000E+008,  0.85923436413E-001,  0.34292491274E-008,  0.00000000000E+000,  0.19234102964E-010,  0.55353999370E-013,  0.00000000000E+000,  0.00000000000E+000
  0.31535520000E+008,  0.85918249080E-001,  0.34340747034E-008,  0.00000000000E+000,  0.19261115115E-010,  0.55431893921E-013,  0.00000000000E+000,  0.00000000000E+000
  0.31535700000E+008,  0.85914354023E-001,  0.34376298389E-008,  0.00000000000E+000,  0.19281014921E-010,  0.55489281014E-013,  0.00000000000E+000,  0.00000000000E+000
