"           TIME(S)","              HEAT","            FLOW_G","            FLOW_L","      FLOW_G_WATER","        FLOW_G_AIR","      FLOW_L_WATER","        FLOW_L_AIR"
  0.31535160000E+008,  0.39991449728E+001, -0.94466206170E-008,  0.00000000000E+000, -0.49594758239E-010, -0.00000000000E+000,  0.00000000000E+000,  0.00000000000E+000
  0.31535280000E+008,  0.39990232364E+001, -0.93913715182E-008,  0.00000000000E+000, -0.49304700470E-010, -0.00000000000E+000,  0.00000000000E+000,  0.00000000000E+000
  0.31535520000E+008,  0.39987799110E+001, -0.92810953241E-008,  0.00000000000E+000, -0.48725750452E-010, -0.00000000000E+000,  0.00000000000E+000,  0.00000000000E+000
  0.31535700000E+008,  0.39985975501E+001, -0.91980602757E-008,  0.00000000000E+000, -0.48289816447E-010, -0.00000000000E+000,  0.00000000000E+000,  0.00000000000E+000
