"           TIME(S)","              HEAT","            FLOW_G","            FLOW_L"
  0.71946000000E+005,  0.22657205722E-002,  0.32497197875E-007,  0.00000000000E+000
  0.71958000000E+005,  0.22662676802E-002,  0.32503880768E-007,  0.00000000000E+000
  0.71982000000E+005,  0.22661928986E-002,  0.32506325622E-007,  0.00000000000E+000
  0.72000000000E+005,  0.22660012551E-002,  0.32506891919E-007,  0.00000000000E+000
