"           TIME(S)","              HEAT","            FLOW_G","            FLOW_L","      FLOW_G_WATER","        FLOW_G_AIR","      FLOW_L_WATER","        FLOW_L_AIR"
  0.31535160000E+008,  0.31202689494E-001,  0.33791473411E-009,  0.00000000000E+000,  0.18798335485E-011,  0.54549255364E-014,  0.00000000000E+000,  0.00000000000E+000
  0.31535280000E+008,  0.31201531895E-001,  0.33884121889E-009,  0.00000000000E+000,  0.18849850592E-011,  0.54698817603E-014,  0.00000000000E+000,  0.00000000000E+000
  0.31535520000E+008,  0.31199203471E-001,  0.34054040289E-009,  0.00000000000E+000,  0.18944325305E-011,  0.54973116629E-014,  0.00000000000E+000,  0.00000000000E+000
  0.31535700000E+008,  0.31197450487E-001,  0.34173615062E-009,  0.00000000000E+000,  0.19010806261E-011,  0.55166146080E-014,  0.00000000000E+000,  0.00000000000E+000
