"           TIME(S)","              HEAT","            FLOW_G","            FLOW_L"
  0.71946000000E+005,  0.39022709231E-002,  0.55171855149E-007,  0.00000000000E+000
  0.71958000000E+005,  0.39034843670E-002,  0.55185860117E-007,  0.00000000000E+000
  0.71982000000E+005,  0.39033693506E-002,  0.55190124102E-007,  0.00000000000E+000
  0.72000000000E+005,  0.39030417473E-002,  0.55191065864E-007,  0.00000000000E+000
