"           TIME(S)","              HEAT","            FLOW_G","            FLOW_L","      FLOW_G_WATER","        FLOW_G_AIR","      FLOW_L_WATER","        FLOW_L_AIR"
  0.31535160000E+008,  0.44190202817E+000,  0.49131793271E-008,  0.00000000000E+000,  0.27365515968E-010,  0.79312316318E-013,  0.00000000000E+000,  0.00000000000E+000
  0.31535280000E+008,  0.44188594403E+000,  0.49243634003E-008,  0.00000000000E+000,  0.27427771705E-010,  0.79492859203E-013,  0.00000000000E+000,  0.00000000000E+000
  0.31535520000E+008,  0.44185379797E+000,  0.49467145298E-008,  0.00000000000E+000,  0.27552187940E-010,  0.79853670285E-013,  0.00000000000E+000,  0.00000000000E+000
  0.31535700000E+008,  0.44182966006E+000,  0.49630617084E-008,  0.00000000000E+000,  0.27643181728E-010,  0.80117560497E-013,  0.00000000000E+000,  0.00000000000E+000
