"           TIME(S)","              HEAT","            FLOW_G","            FLOW_L"
  0.71946000000E+005,  0.17017251063E-003,  0.25574723388E-008,  0.00000000000E+000
  0.71958000000E+005,  0.17015237118E-003,  0.25573716985E-008,  0.00000000000E+000
  0.71982000000E+005,  0.17013751907E-003,  0.25574069507E-008,  0.00000000000E+000
  0.72000000000E+005,  0.17012589343E-003,  0.25574285804E-008,  0.00000000000E+000
