"           TIME(S)","              HEAT","            FLOW_G","            FLOW_L","      FLOW_G_WATER","        FLOW_G_AIR","      FLOW_L_WATER","        FLOW_L_AIR"
  0.31535160000E+008,  0.11453087351E+000,  0.65799464877E-008,  0.00000000000E+000,  0.36606564538E-010,  0.10621950547E-012,  0.00000000000E+000,  0.00000000000E+000
  0.31535280000E+008,  0.11452679394E+000,  0.65844335516E-008,  0.00000000000E+000,  0.36631478252E-010,  0.10629194107E-012,  0.00000000000E+000,  0.00000000000E+000
  0.31535520000E+008,  0.11451865134E+000,  0.65935332211E-008,  0.00000000000E+000,  0.36682003955E-010,  0.10643883889E-012,  0.00000000000E+000,  0.00000000000E+000
  0.31535700000E+008,  0.11451249126E+000,  0.65997909956E-008,  0.00000000000E+000,  0.36716743801E-010,  0.10653985957E-012,  0.00000000000E+000,  0.00000000000E+000
