"           TIME(S)","              HEAT","            FLOW_G","            FLOW_L","      FLOW_G_WATER","        FLOW_G_AIR","      FLOW_L_WATER","        FLOW_L_AIR"
  0.31535160000E+008,  0.17054971787E+001, -0.42955687861E-008,  0.00000000000E+000, -0.22551736127E-010, -0.00000000000E+000,  0.00000000000E+000,  0.00000000000E+000
  0.31535280000E+008,  0.17054441679E+001, -0.42709058986E-008,  0.00000000000E+000, -0.22422255968E-010, -0.00000000000E+000,  0.00000000000E+000,  0.00000000000E+000
  0.31535520000E+008,  0.17053382360E+001, -0.42215023645E-008,  0.00000000000E+000, -0.22162887414E-010, -0.00000000000E+000,  0.00000000000E+000,  0.00000000000E+000
  0.31535700000E+008,  0.17052588469E+001, -0.41843221454E-008,  0.00000000000E+000, -0.21967691263E-010, -0.00000000000E+000,  0.00000000000E+000,  0.00000000000E+000
