"           TIME(S)","              HEAT","            FLOW_G","            FLOW_L","      FLOW_G_WATER","        FLOW_G_AIR","      FLOW_L_WATER","        FLOW_L_AIR"
  0.31535160000E+008,  0.22634065654E+001, -0.55885672649E-008,  0.00000000000E+000, -0.29339978140E-010, -0.00000000000E+000,  0.00000000000E+000,  0.00000000000E+000
  0.31535280000E+008,  0.22633362740E+001, -0.55563003370E-008,  0.00000000000E+000, -0.29170576769E-010, -0.00000000000E+000,  0.00000000000E+000,  0.00000000000E+000
  0.31535520000E+008,  0.22631958025E+001, -0.54917563577E-008,  0.00000000000E+000, -0.28831720878E-010, -0.00000000000E+000,  0.00000000000E+000,  0.00000000000E+000
  0.31535700000E+008,  0.22630905259E+001, -0.54431718245E-008,  0.00000000000E+000, -0.28576652079E-010, -0.00000000000E+000,  0.00000000000E+000,  0.00000000000E+000
