"           TIME(S)","              HEAT","            FLOW_G","            FLOW_L","      FLOW_G_WATER","        FLOW_G_AIR","      FLOW_L_WATER","        FLOW_L_AIR"
  0.31535160000E+008,  0.14614927225E-001,  0.84701608767E-009,  0.00000000000E+000,  0.47108797724E-011,  0.13673331939E-013,  0.00000000000E+000,  0.00000000000E+000
  0.31535280000E+008,  0.14614398838E-001,  0.84759838836E-009,  0.00000000000E+000,  0.47141119747E-011,  0.13682732156E-013,  0.00000000000E+000,  0.00000000000E+000
  0.31535520000E+008,  0.14613343693E-001,  0.84876894684E-009,  0.00000000000E+000,  0.47206094961E-011,  0.13701628755E-013,  0.00000000000E+000,  0.00000000000E+000
  0.31535700000E+008,  0.14612546408E-001,  0.84958052525E-009,  0.00000000000E+000,  0.47251136544E-011,  0.13714730274E-013,  0.00000000000E+000,  0.00000000000E+000
