"           TIME(S)","              HEAT","            FLOW_G","            FLOW_L","      FLOW_G_WATER","        FLOW_G_AIR","      FLOW_L_WATER","        FLOW_L_AIR"
  0.31535160000E+008,  0.42411037205E+001,  0.55260525955E-007,  0.00000000000E+000,  0.30918451201E-009,  0.89202501698E-012,  0.00000000000E+000,  0.00000000000E+000
  0.31535280000E+008,  0.42409511422E+001,  0.55355665518E-007,  0.00000000000E+000,  0.30971635188E-009,  0.89356078875E-012,  0.00000000000E+000,  0.00000000000E+000
  0.31535520000E+008,  0.42406455805E+001,  0.55539606434E-007,  0.00000000000E+000,  0.31074456507E-009,  0.89653001989E-012,  0.00000000000E+000,  0.00000000000E+000
  0.31535700000E+008,  0.42404163901E+001,  0.55676272954E-007,  0.00000000000E+000,  0.31150850830E-009,  0.89873613339E-012,  0.00000000000E+000,  0.00000000000E+000
