"           TIME(S)","              HEAT","            FLOW_G","            FLOW_L","      FLOW_G_WATER","        FLOW_G_AIR","      FLOW_L_WATER","        FLOW_L_AIR"
  0.31535160000E+008,  0.40259936971E-001,  0.23263533938E-008,  0.00000000000E+000,  0.12939228296E-010,  0.37554179768E-013,  0.00000000000E+000,  0.00000000000E+000
  0.31535280000E+008,  0.40258484967E-001,  0.23279524980E-008,  0.00000000000E+000,  0.12948104987E-010,  0.37579994477E-013,  0.00000000000E+000,  0.00000000000E+000
  0.31535520000E+008,  0.40255585308E-001,  0.23311729536E-008,  0.00000000000E+000,  0.12965982059E-010,  0.37631983030E-013,  0.00000000000E+000,  0.00000000000E+000
  0.31535700000E+008,  0.40253393610E-001,  0.23334019791E-008,  0.00000000000E+000,  0.12978353525E-010,  0.37667966754E-013,  0.00000000000E+000,  0.00000000000E+000
