"           TIME(S)","              HEAT","            FLOW_G","            FLOW_L","      FLOW_G_WATER","        FLOW_G_AIR","      FLOW_L_WATER","        FLOW_L_AIR"
  0.31535160000E+008, -0.55964437898E+000,  0.14695854711E-006,  0.00000000000E+000,  0.15381731506E-008,  0.23538070298E-011,  0.00000000000E+000,  0.00000000000E+000
  0.31535280000E+008, -0.55965928690E+000,  0.14696653922E-006,  0.00000000000E+000,  0.15382565131E-008,  0.23539350506E-011,  0.00000000000E+000,  0.00000000000E+000
  0.31535520000E+008, -0.55968913949E+000,  0.14698210240E-006,  0.00000000000E+000,  0.15384188317E-008,  0.23541843483E-011,  0.00000000000E+000,  0.00000000000E+000
  0.31535700000E+008, -0.55971154758E+000,  0.14699355690E-006,  0.00000000000E+000,  0.15385382902E-008,  0.23543678317E-011,  0.00000000000E+000,  0.00000000000E+000
