"           TIME(S)","              HEAT","            FLOW_G","            FLOW_L","      FLOW_G_WATER","        FLOW_G_AIR","      FLOW_L_WATER","        FLOW_L_AIR"
  0.31535160000E+008,  0.58234737015E+000,  0.65568620132E-008,  0.00000000000E+000,  0.36533253934E-010,  0.10584563406E-012,  0.00000000000E+000,  0.00000000000E+000
  0.31535280000E+008,  0.58232608822E+000,  0.65715951154E-008,  0.00000000000E+000,  0.36615292455E-010,  0.10608346782E-012,  0.00000000000E+000,  0.00000000000E+000
  0.31535520000E+008,  0.58228352698E+000,  0.66007379566E-008,  0.00000000000E+000,  0.36777567199E-010,  0.10655391541E-012,  0.00000000000E+000,  0.00000000000E+000
  0.31535700000E+008,  0.58225157447E+000,  0.66220749935E-008,  0.00000000000E+000,  0.36896374888E-010,  0.10689835538E-012,  0.00000000000E+000,  0.00000000000E+000
