"           TIME(S)","              HEAT","            FLOW_G","            FLOW_L","      FLOW_G_WATER","        FLOW_G_AIR","      FLOW_L_WATER","        FLOW_L_AIR"
  0.31535160000E+008,  0.25612014965E+000,  0.27961971118E-008,  0.00000000000E+000,  0.15566248871E-010,  0.45138530912E-013,  0.00000000000E+000,  0.00000000000E+000
  0.31535280000E+008,  0.25611086439E+000,  0.28031993601E-008,  0.00000000000E+000,  0.15605208873E-010,  0.45251567563E-013,  0.00000000000E+000,  0.00000000000E+000
  0.31535520000E+008,  0.25609224398E+000,  0.28165844553E-008,  0.00000000000E+000,  0.15679680430E-010,  0.45467641979E-013,  0.00000000000E+000,  0.00000000000E+000
  0.31535700000E+008,  0.25607823836E+000,  0.28261477482E-008,  0.00000000000E+000,  0.15732886626E-010,  0.45622021422E-013,  0.00000000000E+000,  0.00000000000E+000
