"           TIME(S)","              HEAT","            FLOW_G","            FLOW_L","      FLOW_G_WATER","        FLOW_G_AIR","      FLOW_L_WATER","        FLOW_L_AIR"
  0.31535160000E+008,  0.99216194830E+001,  0.13753273096E-006,  0.00000000000E+000,  0.77084912182E-009,  0.22200381685E-011,  0.00000000000E+000,  0.00000000000E+000
  0.31535280000E+008,  0.99212889771E+001,  0.13774143460E-006,  0.00000000000E+000,  0.77201774142E-009,  0.22234070698E-011,  0.00000000000E+000,  0.00000000000E+000
  0.31535520000E+008,  0.99206271261E+001,  0.13814572311E-006,  0.00000000000E+000,  0.77428144342E-009,  0.22299331107E-011,  0.00000000000E+000,  0.00000000000E+000
  0.31535700000E+008,  0.99201309465E+001,  0.13844848895E-006,  0.00000000000E+000,  0.77597668684E-009,  0.22348203690E-011,  0.00000000000E+000,  0.00000000000E+000
