"           TIME(S)","              HEAT","            FLOW_G","            FLOW_L","      FLOW_G_WATER","        FLOW_G_AIR","      FLOW_L_WATER","        FLOW_L_AIR"
  0.31535160000E+008,  0.51128430687E-001,  0.20409286544E-008,  0.00000000000E+000,  0.11446131480E-010,  0.32944131105E-013,  0.00000000000E+000,  0.00000000000E+000
  0.31535280000E+008,  0.51126822228E-001,  0.20417825918E-008,  0.00000000000E+000,  0.11450904605E-010,  0.32957915560E-013,  0.00000000000E+000,  0.00000000000E+000
  0.31535520000E+008,  0.51123721851E-001,  0.20446619542E-008,  0.00000000000E+000,  0.11467020850E-010,  0.33004394317E-013,  0.00000000000E+000,  0.00000000000E+000
  0.31535700000E+008,  0.51121394005E-001,  0.20467832989E-008,  0.00000000000E+000,  0.11478893879E-010,  0.33038637141E-013,  0.00000000000E+000,  0.00000000000E+000
