"           TIME(S)","              HEAT","            FLOW_G","            FLOW_L","      FLOW_G_WATER","        FLOW_G_AIR","      FLOW_L_WATER","        FLOW_L_AIR"
  0.31535160000E+008,  0.75102495085E+001,  0.39320835020E-006,  0.00000000000E+000,  0.22026982126E-008,  0.63471648243E-011,  0.00000000000E+000,  0.00000000000E+000
  0.31535280000E+008,  0.75100012650E+001,  0.39344518971E-006,  0.00000000000E+000,  0.22040216844E-008,  0.63509879728E-011,  0.00000000000E+000,  0.00000000000E+000
  0.31535520000E+008,  0.75095033928E+001,  0.39390107378E-006,  0.00000000000E+000,  0.22065689361E-008,  0.63583470241E-011,  0.00000000000E+000,  0.00000000000E+000
  0.31535700000E+008,  0.75091294273E+001,  0.39423531100E-006,  0.00000000000E+000,  0.22084363685E-008,  0.63637424093E-011,  0.00000000000E+000,  0.00000000000E+000
