"           TIME(S)","              HEAT","            FLOW_G","            FLOW_L"
  0.71946000000E+005,  0.13226039178E-002,  0.19235858862E-007,  0.00000000000E+000
  0.71958000000E+005,  0.13227826534E-002,  0.19238454460E-007,  0.00000000000E+000
  0.71982000000E+005,  0.13227067857E-002,  0.19239596697E-007,  0.00000000000E+000
  0.72000000000E+005,  0.13225895995E-002,  0.19239889498E-007,  0.00000000000E+000
