"           TIME(S)","              HEAT","            FLOW_G","            FLOW_L","      FLOW_G_WATER","        FLOW_G_AIR","      FLOW_L_WATER","        FLOW_L_AIR"
  0.31535160000E+008,  0.52157674670E-001,  0.30107363141E-008,  0.00000000000E+000,  0.16746366702E-010,  0.48602120739E-013,  0.00000000000E+000,  0.00000000000E+000
  0.31535280000E+008,  0.52155796986E-001,  0.30128038862E-008,  0.00000000000E+000,  0.16757844275E-010,  0.48635498025E-013,  0.00000000000E+000,  0.00000000000E+000
  0.31535520000E+008,  0.52152047359E-001,  0.30169720594E-008,  0.00000000000E+000,  0.16780983069E-010,  0.48702785785E-013,  0.00000000000E+000,  0.00000000000E+000
  0.31535700000E+008,  0.52149212827E-001,  0.30198543014E-008,  0.00000000000E+000,  0.16796980550E-010,  0.48749314539E-013,  0.00000000000E+000,  0.00000000000E+000
