"           TIME(S)","              HEAT","            FLOW_G","            FLOW_L","      FLOW_G_WATER","        FLOW_G_AIR","      FLOW_L_WATER","        FLOW_L_AIR"
  0.31535160000E+008,  0.43187671498E-002,  0.84806728800E-012,  0.00000000000E+000,  0.47576272289E-014,  0.00000000000E+000,  0.00000000000E+000,  0.00000000000E+000
  0.31535280000E+008,  0.43186245926E-002,  0.84806296532E-012,  0.00000000000E+000,  0.47575963001E-014,  0.00000000000E+000,  0.00000000000E+000,  0.00000000000E+000
  0.31535520000E+008,  0.43183394956E-002,  0.84805961060E-012,  0.00000000000E+000,  0.47575641189E-014,  0.00000000000E+000,  0.00000000000E+000,  0.00000000000E+000
  0.31535700000E+008,  0.43181256763E-002,  0.84805988952E-012,  0.00000000000E+000,  0.47575556600E-014,  0.00000000000E+000,  0.00000000000E+000,  0.00000000000E+000
