"           TIME(S)","              HEAT","            FLOW_G","            FLOW_L","      FLOW_G_WATER","        FLOW_G_AIR","      FLOW_L_WATER","        FLOW_L_AIR"
  0.31535160000E+008, -0.15572199262E-002,  0.14292756333E-010,  0.00000000000E+000,  0.14802807031E-012,  0.00000000000E+000,  0.00000000000E+000,  0.00000000000E+000
  0.31535280000E+008, -0.15572250883E-002,  0.14292822839E-010,  0.00000000000E+000,  0.14802875006E-012,  0.00000000000E+000,  0.00000000000E+000,  0.00000000000E+000
  0.31535520000E+008, -0.15572354554E-002,  0.14292955518E-010,  0.00000000000E+000,  0.14803010604E-012,  0.00000000000E+000,  0.00000000000E+000,  0.00000000000E+000
  0.31535700000E+008, -0.15572432543E-002,  0.14293054758E-010,  0.00000000000E+000,  0.14803112023E-012,  0.00000000000E+000,  0.00000000000E+000,  0.00000000000E+000
