"           TIME(S)","              HEAT","            FLOW_G","            FLOW_L","      FLOW_G_WATER","        FLOW_G_AIR","      FLOW_L_WATER","        FLOW_L_AIR"
  0.31535160000E+008,  0.97365763692E+000, -0.25355346186E-008,  0.00000000000E+000, -0.13311556748E-010, -0.00000000000E+000,  0.00000000000E+000,  0.00000000000E+000
  0.31535280000E+008,  0.97362758712E+000, -0.25211167488E-008,  0.00000000000E+000, -0.13235862931E-010, -0.00000000000E+000,  0.00000000000E+000,  0.00000000000E+000
  0.31535520000E+008,  0.97356754979E+000, -0.24921333219E-008,  0.00000000000E+000, -0.13083699940E-010, -0.00000000000E+000,  0.00000000000E+000,  0.00000000000E+000
  0.31535700000E+008,  0.97352255292E+000, -0.24703314566E-008,  0.00000000000E+000, -0.12969240147E-010, -0.00000000000E+000,  0.00000000000E+000,  0.00000000000E+000
