"           TIME(S)","              HEAT","            FLOW_G","            FLOW_L","      FLOW_G_WATER","        FLOW_G_AIR","      FLOW_L_WATER","        FLOW_L_AIR"
  0.31535160000E+008,  0.10185714236E+001,  0.56399862575E-007,  0.00000000000E+000,  0.31448533691E-009,  0.91044294266E-012,  0.00000000000E+000,  0.00000000000E+000
  0.31535280000E+008,  0.10185348233E+001,  0.56438068399E-007,  0.00000000000E+000,  0.31469791813E-009,  0.91105969753E-012,  0.00000000000E+000,  0.00000000000E+000
  0.31535520000E+008,  0.10184612183E+001,  0.56509645558E-007,  0.00000000000E+000,  0.31509612251E-009,  0.91221516578E-012,  0.00000000000E+000,  0.00000000000E+000
  0.31535700000E+008,  0.10184060355E+001,  0.56563149811E-007,  0.00000000000E+000,  0.31539377877E-009,  0.91307888366E-012,  0.00000000000E+000,  0.00000000000E+000
