"           TIME(S)","              HEAT","            FLOW_G","            FLOW_L","      FLOW_G_WATER","        FLOW_G_AIR","      FLOW_L_WATER","        FLOW_L_AIR"
  0.31535160000E+008,  0.39672599253E-001, -0.11008874621E-009,  0.00000000000E+000, -0.57796591758E-012, -0.00000000000E+000,  0.00000000000E+000,  0.00000000000E+000
  0.31535280000E+008,  0.39671345557E-001, -0.10946133484E-009,  0.00000000000E+000, -0.57467200793E-012, -0.00000000000E+000,  0.00000000000E+000,  0.00000000000E+000
  0.31535520000E+008,  0.39668838189E-001, -0.10822343616E-009,  0.00000000000E+000, -0.56817303986E-012, -0.00000000000E+000,  0.00000000000E+000,  0.00000000000E+000
  0.31535700000E+008,  0.39666959038E-001, -0.10729088935E-009,  0.00000000000E+000, -0.56327716910E-012, -0.00000000000E+000,  0.00000000000E+000,  0.00000000000E+000
