"           TIME(S)","              HEAT","            FLOW_G","            FLOW_L","      FLOW_G_WATER","        FLOW_G_AIR","      FLOW_L_WATER","        FLOW_L_AIR"
  0.31535160000E+008,  0.39558371219E-001,  0.15792964158E-008,  0.00000000000E+000,  0.88569093190E-011,  0.25492589758E-013,  0.00000000000E+000,  0.00000000000E+000
  0.31535280000E+008,  0.39557125594E-001,  0.15799631074E-008,  0.00000000000E+000,  0.88606358200E-011,  0.25503351646E-013,  0.00000000000E+000,  0.00000000000E+000
  0.31535520000E+008,  0.39554723621E-001,  0.15821926434E-008,  0.00000000000E+000,  0.88731145307E-011,  0.25539340892E-013,  0.00000000000E+000,  0.00000000000E+000
  0.31535700000E+008,  0.39552920227E-001,  0.15838352434E-008,  0.00000000000E+000,  0.88823077965E-011,  0.25565855806E-013,  0.00000000000E+000,  0.00000000000E+000
