"           TIME(S)","              HEAT","            FLOW_G","            FLOW_L"
  0.71946000000E+005,  0.11550636781E-001,  0.16053201255E-006,  0.00000000000E+000
  0.71958000000E+005,  0.11547949734E-001,  0.16051479586E-006,  0.00000000000E+000
  0.71982000000E+005,  0.11546076839E-001,  0.16051305392E-006,  0.00000000000E+000
  0.72000000000E+005,  0.11544977686E-001,  0.16051459489E-006,  0.00000000000E+000
