"           TIME(S)","              HEAT","            FLOW_G","            FLOW_L","      FLOW_G_WATER","        FLOW_G_AIR","      FLOW_L_WATER","        FLOW_L_AIR"
  0.31535160000E+008, -0.10046666522E+000,  0.13210458638E-007,  0.00000000000E+000,  0.13739328688E-009,  0.21160938961E-012,  0.00000000000E+000,  0.00000000000E+000
  0.31535280000E+008, -0.10046699369E+000,  0.13211429891E-007,  0.00000000000E+000,  0.13740337948E-009,  0.21162494832E-012,  0.00000000000E+000,  0.00000000000E+000
  0.31535520000E+008, -0.10046766791E+000,  0.13213255511E-007,  0.00000000000E+000,  0.13742234898E-009,  0.21165419332E-012,  0.00000000000E+000,  0.00000000000E+000
  0.31535700000E+008, -0.10046818133E+000,  0.13214575463E-007,  0.00000000000E+000,  0.13743606374E-009,  0.21167533792E-012,  0.00000000000E+000,  0.00000000000E+000
