"           TIME(S)","              HEAT","            FLOW_G","            FLOW_L","      FLOW_G_WATER","        FLOW_G_AIR","      FLOW_L_WATER","        FLOW_L_AIR"
  0.31535160000E+008,  0.11416179814E-001,  0.66168908165E-009,  0.00000000000E+000,  0.36801413810E-011,  0.10681608416E-013,  0.00000000000E+000,  0.00000000000E+000
  0.31535280000E+008,  0.11415767085E-001,  0.66214374068E-009,  0.00000000000E+000,  0.36826650757E-011,  0.10688948083E-013,  0.00000000000E+000,  0.00000000000E+000
  0.31535520000E+008,  0.11414942865E-001,  0.66305758890E-009,  0.00000000000E+000,  0.36877376489E-011,  0.10703700548E-013,  0.00000000000E+000,  0.00000000000E+000
  0.31535700000E+008,  0.11414320085E-001,  0.66369126147E-009,  0.00000000000E+000,  0.36912544498E-011,  0.10713930087E-013,  0.00000000000E+000,  0.00000000000E+000
