"           TIME(S)","              HEAT","            FLOW_G","            FLOW_L","      FLOW_G_WATER","        FLOW_G_AIR","      FLOW_L_WATER","        FLOW_L_AIR"
  0.31535160000E+008, -0.37368964332E-001,  0.46421537265E-008,  0.00000000000E+000,  0.48239644754E-010,  0.74360358091E-013,  0.00000000000E+000,  0.00000000000E+000
  0.31535280000E+008, -0.37369092221E-001,  0.46425035461E-008,  0.00000000000E+000,  0.48243276604E-010,  0.74365961993E-013,  0.00000000000E+000,  0.00000000000E+000
  0.31535520000E+008, -0.37369354774E-001,  0.46431590057E-008,  0.00000000000E+000,  0.48250081195E-010,  0.74376462078E-013,  0.00000000000E+000,  0.00000000000E+000
  0.31535700000E+008, -0.37369554706E-001,  0.46436322772E-008,  0.00000000000E+000,  0.48254994221E-010,  0.74384043619E-013,  0.00000000000E+000,  0.00000000000E+000
