"           TIME(S)","              HEAT","            FLOW_G","            FLOW_L","      FLOW_G_WATER","        FLOW_G_AIR","      FLOW_L_WATER","        FLOW_L_AIR"
  0.31535160000E+008,  0.12873649760E+001, -0.33007019059E-008,  0.00000000000E+000, -0.17328685006E-010, -0.00000000000E+000,  0.00000000000E+000,  0.00000000000E+000
  0.31535280000E+008,  0.12873250773E+001, -0.32818468178E-008,  0.00000000000E+000, -0.17229695794E-010, -0.00000000000E+000,  0.00000000000E+000,  0.00000000000E+000
  0.31535520000E+008,  0.12872453514E+001, -0.32440147918E-008,  0.00000000000E+000, -0.17031077657E-010, -0.00000000000E+000,  0.00000000000E+000,  0.00000000000E+000
  0.31535700000E+008,  0.12871856033E+001, -0.32155496274E-008,  0.00000000000E+000, -0.16881635544E-010, -0.00000000000E+000,  0.00000000000E+000,  0.00000000000E+000
