"           TIME(S)","              HEAT","            FLOW_G","            FLOW_L","      FLOW_G_WATER","        FLOW_G_AIR","      FLOW_L_WATER","        FLOW_L_AIR"
  0.31535160000E+008,  0.66423884656E-001, -0.18400903049E-009,  0.00000000000E+000, -0.96604741006E-012, -0.00000000000E+000,  0.00000000000E+000,  0.00000000000E+000
  0.31535280000E+008,  0.66421792398E-001, -0.18295991019E-009,  0.00000000000E+000, -0.96053952849E-012, -0.00000000000E+000,  0.00000000000E+000,  0.00000000000E+000
  0.31535520000E+008,  0.66417607529E-001, -0.18089018853E-009,  0.00000000000E+000, -0.94967348977E-012, -0.00000000000E+000,  0.00000000000E+000,  0.00000000000E+000
  0.31535700000E+008,  0.66414471007E-001, -0.17933099141E-009,  0.00000000000E+000, -0.94148770489E-012, -0.00000000000E+000,  0.00000000000E+000,  0.00000000000E+000
