"           TIME(S)","              HEAT","            FLOW_G","            FLOW_L","      FLOW_G_WATER","        FLOW_G_AIR","      FLOW_L_WATER","        FLOW_L_AIR"
  0.31535160000E+008,  0.51274896153E-001, -0.14218708435E-009,  0.00000000000E+000, -0.74648219282E-012, -0.00000000000E+000,  0.00000000000E+000,  0.00000000000E+000
  0.31535280000E+008,  0.51273278023E-001, -0.14137660330E-009,  0.00000000000E+000, -0.74222716733E-012, -0.00000000000E+000,  0.00000000000E+000,  0.00000000000E+000
  0.31535520000E+008,  0.51270041638E-001, -0.13977757465E-009,  0.00000000000E+000, -0.73383226693E-012, -0.00000000000E+000,  0.00000000000E+000,  0.00000000000E+000
  0.31535700000E+008,  0.51267616009E-001, -0.13857297356E-009,  0.00000000000E+000, -0.72750811118E-012, -0.00000000000E+000,  0.00000000000E+000,  0.00000000000E+000
