"           TIME(S)","              HEAT","            FLOW_G","            FLOW_L","      FLOW_G_WATER","        FLOW_G_AIR","      FLOW_L_WATER","        FLOW_L_AIR"
  0.31535160000E+008,  0.74902283708E+001,  0.10199419431E-006,  0.00000000000E+000,  0.57137855822E-009,  0.16463878378E-011,  0.00000000000E+000,  0.00000000000E+000
  0.31535280000E+008,  0.74899731001E+001,  0.10215484095E-006,  0.00000000000E+000,  0.57227766427E-009,  0.16489810146E-011,  0.00000000000E+000,  0.00000000000E+000
  0.31535520000E+008,  0.74894619047E+001,  0.10246583494E-006,  0.00000000000E+000,  0.57401817249E-009,  0.16540011175E-011,  0.00000000000E+000,  0.00000000000E+000
  0.31535700000E+008,  0.74890786068E+001,  0.10269803624E-006,  0.00000000000E+000,  0.57531769793E-009,  0.16577493395E-011,  0.00000000000E+000,  0.00000000000E+000
