"           TIME(S)","              HEAT","            FLOW_G","            FLOW_L","      FLOW_G_WATER","        FLOW_G_AIR","      FLOW_L_WATER","        FLOW_L_AIR"
  0.31535160000E+008,  0.33603875298E+000,  0.36985316842E-008,  0.00000000000E+000,  0.20594256410E-010,  0.59704664502E-013,  0.00000000000E+000,  0.00000000000E+000
  0.31535280000E+008,  0.33602652673E+000,  0.37069958398E-008,  0.00000000000E+000,  0.20641358744E-010,  0.59841300424E-013,  0.00000000000E+000,  0.00000000000E+000
  0.31535520000E+008,  0.33600210997E+000,  0.37241264838E-008,  0.00000000000E+000,  0.20736689695E-010,  0.60117838498E-013,  0.00000000000E+000,  0.00000000000E+000
  0.31535700000E+008,  0.33598377400E+000,  0.37366463293E-008,  0.00000000000E+000,  0.20806360456E-010,  0.60319945001E-013,  0.00000000000E+000,  0.00000000000E+000
