"           TIME(S)","              HEAT","            FLOW_G","            FLOW_L","      FLOW_G_WATER","        FLOW_G_AIR","      FLOW_L_WATER","        FLOW_L_AIR"
  0.31535160000E+008,  0.42641060825E+000, -0.11484847345E-008,  0.00000000000E+000, -0.60295448562E-011, -0.00000000000E+000,  0.00000000000E+000,  0.00000000000E+000
  0.31535280000E+008,  0.42639750135E+000, -0.11420290627E-008,  0.00000000000E+000, -0.59956525789E-011, -0.00000000000E+000,  0.00000000000E+000,  0.00000000000E+000
  0.31535520000E+008,  0.42637131924E+000, -0.11289608825E-008,  0.00000000000E+000, -0.59270446330E-011, -0.00000000000E+000,  0.00000000000E+000,  0.00000000000E+000
  0.31535700000E+008,  0.42635169347E+000, -0.11191394284E-008,  0.00000000000E+000, -0.58754819989E-011, -0.00000000000E+000,  0.00000000000E+000,  0.00000000000E+000
