"           TIME(S)","              HEAT","            FLOW_G","            FLOW_L","      FLOW_G_WATER","        FLOW_G_AIR","      FLOW_L_WATER","        FLOW_L_AIR"
  0.31535160000E+008,  0.14640712433E-001,  0.15997792293E-009,  0.00000000000E+000,  0.88994033507E-012,  0.25825087079E-014,  0.00000000000E+000,  0.00000000000E+000
  0.31535280000E+008,  0.14640168536E-001,  0.16041272425E-009,  0.00000000000E+000,  0.89235787551E-012,  0.25895276973E-014,  0.00000000000E+000,  0.00000000000E+000
  0.31535520000E+008,  0.14639074738E-001,  0.16121073693E-009,  0.00000000000E+000,  0.89679469283E-012,  0.26024100061E-014,  0.00000000000E+000,  0.00000000000E+000
  0.31535700000E+008,  0.14638251367E-001,  0.16177259402E-009,  0.00000000000E+000,  0.89991839888E-012,  0.26114800615E-014,  0.00000000000E+000,  0.00000000000E+000
