"           TIME(S)","              HEAT","            FLOW_G","            FLOW_L","      FLOW_G_WATER","        FLOW_G_AIR","      FLOW_L_WATER","        FLOW_L_AIR"
  0.31535160000E+008,  0.44154681422E+000,  0.24934449018E-007,  0.00000000000E+000,  0.13885582254E-009,  0.40251183548E-012,  0.00000000000E+000,  0.00000000000E+000
  0.31535280000E+008,  0.44153138211E+000,  0.24952127620E-007,  0.00000000000E+000,  0.13895408183E-009,  0.40279722263E-012,  0.00000000000E+000,  0.00000000000E+000
  0.31535520000E+008,  0.44150021395E+000,  0.24984135277E-007,  0.00000000000E+000,  0.13913194686E-009,  0.40331392586E-012,  0.00000000000E+000,  0.00000000000E+000
  0.31535700000E+008,  0.44147692178E+000,  0.25008879178E-007,  0.00000000000E+000,  0.13926945577E-009,  0.40371336923E-012,  0.00000000000E+000,  0.00000000000E+000
