"           TIME(S)","              HEAT","            FLOW_G","            FLOW_L","      FLOW_G_WATER","        FLOW_G_AIR","      FLOW_L_WATER","        FLOW_L_AIR"
  0.31535160000E+008, -0.31374489584E-002,  0.48433316036E-009,  0.00000000000E+000,  0.50310693946E-011,  0.77811369235E-014,  0.00000000000E+000,  0.00000000000E+000
  0.31535280000E+008, -0.31374540580E-002,  0.48436934008E-009,  0.00000000000E+000,  0.50314448539E-011,  0.77817182882E-014,  0.00000000000E+000,  0.00000000000E+000
  0.31535520000E+008, -0.31374647758E-002,  0.48443704785E-009,  0.00000000000E+000,  0.50321474554E-011,  0.77828062851E-014,  0.00000000000E+000,  0.00000000000E+000
  0.31535700000E+008, -0.31374730191E-002,  0.48448591037E-009,  0.00000000000E+000,  0.50326544811E-011,  0.77835914636E-014,  0.00000000000E+000,  0.00000000000E+000
