"           TIME(S)","              HEAT","            FLOW_G","            FLOW_L","      FLOW_G_WATER","        FLOW_G_AIR","      FLOW_L_WATER","        FLOW_L_AIR"
  0.31535160000E+008,  0.14522270111E-001,  0.57847208754E-009,  0.00000000000E+000,  0.32440358258E-011,  0.93375463254E-014,  0.00000000000E+000,  0.00000000000E+000
  0.31535280000E+008,  0.14521812179E-001,  0.57871984983E-009,  0.00000000000E+000,  0.32454207160E-011,  0.93415457596E-014,  0.00000000000E+000,  0.00000000000E+000
  0.31535520000E+008,  0.14520928532E-001,  0.57953720663E-009,  0.00000000000E+000,  0.32499952987E-011,  0.93547395623E-014,  0.00000000000E+000,  0.00000000000E+000
  0.31535700000E+008,  0.14520265158E-001,  0.58013939772E-009,  0.00000000000E+000,  0.32533655089E-011,  0.93644601559E-014,  0.00000000000E+000,  0.00000000000E+000
