"           TIME(S)","              HEAT","            FLOW_G","            FLOW_L","      FLOW_G_WATER","        FLOW_G_AIR","      FLOW_L_WATER","        FLOW_L_AIR"
  0.31535160000E+008,  0.73654948032E+000,  0.28981283890E-007,  0.00000000000E+000,  0.16282911644E-009,  0.46780219159E-012,  0.00000000000E+000,  0.00000000000E+000
  0.31535280000E+008,  0.73652820963E+000,  0.29006401390E-007,  0.00000000000E+000,  0.16297000590E-009,  0.46820763252E-012,  0.00000000000E+000,  0.00000000000E+000
  0.31535520000E+008,  0.73648464771E+000,  0.29045836623E-007,  0.00000000000E+000,  0.16319110659E-009,  0.46884418957E-012,  0.00000000000E+000,  0.00000000000E+000
  0.31535700000E+008,  0.73645194390E+000,  0.29074888516E-007,  0.00000000000E+000,  0.16335398445E-009,  0.46931314062E-012,  0.00000000000E+000,  0.00000000000E+000
