"           TIME(S)","              HEAT","            FLOW_G","            FLOW_L","      FLOW_G_WATER","        FLOW_G_AIR","      FLOW_L_WATER","        FLOW_L_AIR"
  0.31535160000E+008,  0.30685902582E-001,  0.12251805862E-008,  0.00000000000E+000,  0.68708516550E-011,  0.19776546596E-013,  0.00000000000E+000,  0.00000000000E+000
  0.31535280000E+008,  0.30684935720E-001,  0.12257010041E-008,  0.00000000000E+000,  0.68737605538E-011,  0.19784947299E-013,  0.00000000000E+000,  0.00000000000E+000
  0.31535520000E+008,  0.30683070815E-001,  0.12274313789E-008,  0.00000000000E+000,  0.68834452799E-011,  0.19812879071E-013,  0.00000000000E+000,  0.00000000000E+000
  0.31535700000E+008,  0.30681670706E-001,  0.12287062314E-008,  0.00000000000E+000,  0.68905802124E-011,  0.19833457792E-013,  0.00000000000E+000,  0.00000000000E+000
