"           TIME(S)","              HEAT","            FLOW_G","            FLOW_L","      FLOW_G_WATER","        FLOW_G_AIR","      FLOW_L_WATER","        FLOW_L_AIR"
  0.31535160000E+008,  0.14942776938E+000,  0.85653444936E-008,  0.00000000000E+000,  0.47657557338E-010,  0.13826950354E-012,  0.00000000000E+000,  0.00000000000E+000
  0.31535280000E+008,  0.14942247238E+000,  0.85711598237E-008,  0.00000000000E+000,  0.47689849605E-010,  0.13836338154E-012,  0.00000000000E+000,  0.00000000000E+000
  0.31535520000E+008,  0.14941190394E+000,  0.85829950791E-008,  0.00000000000E+000,  0.47755572304E-010,  0.13855444032E-012,  0.00000000000E+000,  0.00000000000E+000
  0.31535700000E+008,  0.14940390571E+000,  0.85911073933E-008,  0.00000000000E+000,  0.47800612549E-010,  0.13868539917E-012,  0.00000000000E+000,  0.00000000000E+000
