"           TIME(S)","              HEAT","            FLOW_G","            FLOW_L","      FLOW_G_WATER","        FLOW_G_AIR","      FLOW_L_WATER","        FLOW_L_AIR"
  0.31535160000E+008, -0.16032969577E+000,  0.22431410749E-007,  0.00000000000E+000,  0.23347797381E-009,  0.35930969337E-012,  0.00000000000E+000,  0.00000000000E+000
  0.31535280000E+008, -0.16033041813E+000,  0.22433011905E-007,  0.00000000000E+000,  0.23349462187E-009,  0.35933534237E-012,  0.00000000000E+000,  0.00000000000E+000
  0.31535520000E+008, -0.16033188613E+000,  0.22436031405E-007,  0.00000000000E+000,  0.23352601526E-009,  0.35938371195E-012,  0.00000000000E+000,  0.00000000000E+000
  0.31535700000E+008, -0.16033299735E+000,  0.22438217688E-007,  0.00000000000E+000,  0.23354874488E-009,  0.35941873419E-012,  0.00000000000E+000,  0.00000000000E+000
