"           TIME(S)","              HEAT","            FLOW_G","            FLOW_L","      FLOW_G_WATER","        FLOW_G_AIR","      FLOW_L_WATER","        FLOW_L_AIR"
  0.31535160000E+008,  0.24780405211E+000,  0.98493511579E-008,  0.00000000000E+000,  0.55270207510E-010,  0.15898499417E-012,  0.00000000000E+000,  0.00000000000E+000
  0.31535280000E+008,  0.24779634762E+000,  0.98527186705E-008,  0.00000000000E+000,  0.55289027735E-010,  0.15903935347E-012,  0.00000000000E+000,  0.00000000000E+000
  0.31535520000E+008,  0.24778163017E+000,  0.98664448798E-008,  0.00000000000E+000,  0.55365899362E-010,  0.15926092151E-012,  0.00000000000E+000,  0.00000000000E+000
  0.31535700000E+008,  0.24777057887E+000,  0.98765565783E-008,  0.00000000000E+000,  0.55422526172E-010,  0.15942414430E-012,  0.00000000000E+000,  0.00000000000E+000
