"           TIME(S)","              HEAT","            FLOW_G","            FLOW_L","      FLOW_G_WATER","        FLOW_G_AIR","      FLOW_L_WATER","        FLOW_L_AIR"
  0.31535160000E+008, -0.49523831432E+000,  0.11215072249E-006,  0.00000000000E+000,  0.11726575361E-008,  0.17963261457E-011,  0.00000000000E+000,  0.00000000000E+000
  0.31535280000E+008, -0.49524947679E+000,  0.11215718270E-006,  0.00000000000E+000,  0.11727248676E-008,  0.17964296289E-011,  0.00000000000E+000,  0.00000000000E+000
  0.31535520000E+008, -0.49527183747E+000,  0.11216967061E-006,  0.00000000000E+000,  0.11728550085E-008,  0.17966296676E-011,  0.00000000000E+000,  0.00000000000E+000
  0.31535700000E+008, -0.49528862458E+000,  0.11217882464E-006,  0.00000000000E+000,  0.11729503987E-008,  0.17967763022E-011,  0.00000000000E+000,  0.00000000000E+000
