"           TIME(S)","              HEAT","            FLOW_G","            FLOW_L","      FLOW_G_WATER","        FLOW_G_AIR","      FLOW_L_WATER","        FLOW_L_AIR"
  0.31535160000E+008,  0.13144744663E+002,  0.68303014572E-006,  0.00000000000E+000,  0.38296100438E-008,  0.11025354397E-010,  0.00000000000E+000,  0.00000000000E+000
  0.31535280000E+008,  0.13144327227E+002,  0.68343246722E-006,  0.00000000000E+000,  0.38318601947E-008,  0.11031848750E-010,  0.00000000000E+000,  0.00000000000E+000
  0.31535520000E+008,  0.13143490147E+002,  0.68420851629E-006,  0.00000000000E+000,  0.38362001646E-008,  0.11044375898E-010,  0.00000000000E+000,  0.00000000000E+000
  0.31535700000E+008,  0.13142861384E+002,  0.68477738688E-006,  0.00000000000E+000,  0.38393813098E-008,  0.11053558733E-010,  0.00000000000E+000,  0.00000000000E+000
