"           TIME(S)","              HEAT","            FLOW_G","            FLOW_L","      FLOW_G_WATER","        FLOW_G_AIR","      FLOW_L_WATER","        FLOW_L_AIR"
  0.31535160000E+008,  0.87962977648E-001,  0.50631981595E-008,  0.00000000000E+000,  0.28165860705E-010,  0.81734817525E-013,  0.00000000000E+000,  0.00000000000E+000
  0.31535280000E+008,  0.87959830713E-001,  0.50666620046E-008,  0.00000000000E+000,  0.28185091504E-010,  0.81790735124E-013,  0.00000000000E+000,  0.00000000000E+000
  0.31535520000E+008,  0.87953547736E-001,  0.50736683092E-008,  0.00000000000E+000,  0.28223990300E-010,  0.81903839391E-013,  0.00000000000E+000,  0.00000000000E+000
  0.31535700000E+008,  0.87948795949E-001,  0.50784981550E-008,  0.00000000000E+000,  0.28250800733E-010,  0.81981808745E-013,  0.00000000000E+000,  0.00000000000E+000
