"           TIME(S)","              HEAT","            FLOW_G","            FLOW_L","      FLOW_G_WATER","        FLOW_G_AIR","      FLOW_L_WATER","        FLOW_L_AIR"
  0.31535160000E+008,  0.21597624748E+002,  0.81699072634E-006,  0.00000000000E+000,  0.46249207297E-008,  0.13186558505E-010,  0.00000000000E+000,  0.00000000000E+000
  0.31535280000E+008,  0.21597054311E+002,  0.81747736571E-006,  0.00000000000E+000,  0.46276687273E-008,  0.13194413241E-010,  0.00000000000E+000,  0.00000000000E+000
  0.31535520000E+008,  0.21595912712E+002,  0.81843458908E-006,  0.00000000000E+000,  0.46330738199E-008,  0.13209863573E-010,  0.00000000000E+000,  0.00000000000E+000
  0.31535700000E+008,  0.21595055782E+002,  0.81914042288E-006,  0.00000000000E+000,  0.46370592188E-008,  0.13221256287E-010,  0.00000000000E+000,  0.00000000000E+000
