"           TIME(S)","              HEAT","            FLOW_G","            FLOW_L","      FLOW_G_WATER","        FLOW_G_AIR","      FLOW_L_WATER","        FLOW_L_AIR"
  0.31535160000E+008,  0.67778948601E-001,  0.73036986892E-009,  0.00000000000E+000,  0.40635039023E-011,  0.11790283986E-013,  0.00000000000E+000,  0.00000000000E+000
  0.31535280000E+008,  0.67776448930E-001,  0.73237873547E-009,  0.00000000000E+000,  0.40746749579E-011,  0.11822713054E-013,  0.00000000000E+000,  0.00000000000E+000
  0.31535520000E+008,  0.67771419189E-001,  0.73605531198E-009,  0.00000000000E+000,  0.40951189247E-011,  0.11882063936E-013,  0.00000000000E+000,  0.00000000000E+000
  0.31535700000E+008,  0.67767631635E-001,  0.73863882132E-009,  0.00000000000E+000,  0.41094841940E-011,  0.11923769477E-013,  0.00000000000E+000,  0.00000000000E+000
