"           TIME(S)","              HEAT","            FLOW_G","            FLOW_L"
  0.71946000000E+005,  0.59986413813E-003,  0.88747350393E-008,  0.00000000000E+000
  0.71958000000E+005,  0.59985095235E-003,  0.88749735176E-008,  0.00000000000E+000
  0.71982000000E+005,  0.59980524998E-003,  0.88752729177E-008,  0.00000000000E+000
  0.72000000000E+005,  0.59975772652E-003,  0.88753753631E-008,  0.00000000000E+000
