"           TIME(S)","              HEAT","            FLOW_G","            FLOW_L"
  0.71946000000E+005, -0.20291061231E-005,  0.16262604303E-009,  0.00000000000E+000
  0.71958000000E+005, -0.20307960311E-005,  0.16262595788E-009,  0.00000000000E+000
  0.71982000000E+005, -0.20341754734E-005,  0.16262578871E-009,  0.00000000000E+000
  0.72000000000E+005, -0.20367096726E-005,  0.16262566244E-009,  0.00000000000E+000
