"           TIME(S)","              HEAT","            FLOW_G","            FLOW_L","      FLOW_G_WATER","        FLOW_G_AIR","      FLOW_L_WATER","        FLOW_L_AIR"
  0.31535160000E+008,  0.17294205517E+002,  0.89716721269E-006,  0.00000000000E+000,  0.50312884776E-008,  0.14481868974E-010,  0.00000000000E+000,  0.00000000000E+000
  0.31535280000E+008,  0.17293660727E+002,  0.89769274999E-006,  0.00000000000E+000,  0.50342283630E-008,  0.14490352272E-010,  0.00000000000E+000,  0.00000000000E+000
  0.31535520000E+008,  0.17292568318E+002,  0.89870708833E-006,  0.00000000000E+000,  0.50399021028E-008,  0.14506725879E-010,  0.00000000000E+000,  0.00000000000E+000
  0.31535700000E+008,  0.17291747731E+002,  0.89945057937E-006,  0.00000000000E+000,  0.50440605829E-008,  0.14518727435E-010,  0.00000000000E+000,  0.00000000000E+000
