"           TIME(S)","              HEAT","            FLOW_G","            FLOW_L","      FLOW_G_WATER","        FLOW_G_AIR","      FLOW_L_WATER","        FLOW_L_AIR"
  0.31535160000E+008,  0.53240281204E+001,  0.20330436389E-006,  0.00000000000E+000,  0.11477323546E-008,  0.32815127152E-011,  0.00000000000E+000,  0.00000000000E+000
  0.31535280000E+008,  0.53238747763E+001,  0.20343347198E-006,  0.00000000000E+000,  0.11484594718E-008,  0.32835966807E-011,  0.00000000000E+000,  0.00000000000E+000
  0.31535520000E+008,  0.53235676832E+001,  0.20368534083E-006,  0.00000000000E+000,  0.11498778688E-008,  0.32876621600E-011,  0.00000000000E+000,  0.00000000000E+000
  0.31535700000E+008,  0.53233371684E+001,  0.20387099860E-006,  0.00000000000E+000,  0.11509233494E-008,  0.32906589108E-011,  0.00000000000E+000,  0.00000000000E+000
