"           TIME(S)","              HEAT","            FLOW_G","            FLOW_L","      FLOW_G_WATER","        FLOW_G_AIR","      FLOW_L_WATER","        FLOW_L_AIR"
  0.31535160000E+008,  0.10661101531E-001,  0.45282966557E-009,  0.00000000000E+000,  0.25394482334E-011,  0.73106988788E-014,  0.00000000000E+000,  0.00000000000E+000
  0.31535280000E+008,  0.10660766670E-001,  0.45302373424E-009,  0.00000000000E+000,  0.25405330033E-011,  0.73138320526E-014,  0.00000000000E+000,  0.00000000000E+000
  0.31535520000E+008,  0.10660122090E-001,  0.45366353515E-009,  0.00000000000E+000,  0.25441138508E-011,  0.73241613806E-014,  0.00000000000E+000,  0.00000000000E+000
  0.31535700000E+008,  0.10659638133E-001,  0.45413491181E-009,  0.00000000000E+000,  0.25467519547E-011,  0.73317715696E-014,  0.00000000000E+000,  0.00000000000E+000
