"           TIME(S)","              HEAT","            FLOW_G","            FLOW_L"
  0.71946000000E+005,  0.99444779676E-001,  0.13791239849E-005,  0.00000000000E+000
  0.71958000000E+005,  0.99410888548E-001,  0.13788750715E-005,  0.00000000000E+000
  0.71982000000E+005,  0.99391459025E-001,  0.13788287808E-005,  0.00000000000E+000
  0.72000000000E+005,  0.99382461807E-001,  0.13788460822E-005,  0.00000000000E+000
