"           TIME(S)","              HEAT","            FLOW_G","            FLOW_L","      FLOW_G_WATER","        FLOW_G_AIR","      FLOW_L_WATER","        FLOW_L_AIR"
  0.31535160000E+008,  0.42549528557E+000,  0.16835372830E-007,  0.00000000000E+000,  0.94518647418E-010,  0.27175011345E-012,  0.00000000000E+000,  0.00000000000E+000
  0.31535280000E+008,  0.42548325814E+000,  0.16852492949E-007,  0.00000000000E+000,  0.94614632724E-010,  0.27202646331E-012,  0.00000000000E+000,  0.00000000000E+000
  0.31535520000E+008,  0.42545814449E+000,  0.16875738981E-007,  0.00000000000E+000,  0.94744878320E-010,  0.27240169880E-012,  0.00000000000E+000,  0.00000000000E+000
  0.31535700000E+008,  0.42543928852E+000,  0.16892865629E-007,  0.00000000000E+000,  0.94840833639E-010,  0.27267815582E-012,  0.00000000000E+000,  0.00000000000E+000
