"           TIME(S)","              HEAT","            FLOW_G","            FLOW_L","      FLOW_G_WATER","        FLOW_G_AIR","      FLOW_L_WATER","        FLOW_L_AIR"
  0.31535160000E+008,  0.70662892141E+001, -0.15949417363E-007,  0.00000000000E+000, -0.83734441153E-010, -0.00000000000E+000,  0.00000000000E+000,  0.00000000000E+000
  0.31535280000E+008,  0.70660829960E+001, -0.15854773121E-007,  0.00000000000E+000, -0.83237558885E-010, -0.00000000000E+000,  0.00000000000E+000,  0.00000000000E+000
  0.31535520000E+008,  0.70656707798E+001, -0.15666120400E-007,  0.00000000000E+000, -0.82247132101E-010, -0.00000000000E+000,  0.00000000000E+000,  0.00000000000E+000
  0.31535700000E+008,  0.70653618327E+001, -0.15524045007E-007,  0.00000000000E+000, -0.81501236285E-010, -0.00000000000E+000,  0.00000000000E+000,  0.00000000000E+000
