"           TIME(S)","              HEAT","            FLOW_G","            FLOW_L","      FLOW_G_WATER","        FLOW_G_AIR","      FLOW_L_WATER","        FLOW_L_AIR"
  0.31535160000E+008,  0.42889407858E-002,  0.86326061644E-012,  0.00000000000E+000,  0.48414235455E-014,  0.00000000000E+000,  0.00000000000E+000,  0.00000000000E+000
  0.31535280000E+008,  0.42887985865E-002,  0.86322215848E-012,  0.00000000000E+000,  0.48412011155E-014,  0.00000000000E+000,  0.00000000000E+000,  0.00000000000E+000
  0.31535520000E+008,  0.42885142069E-002,  0.86314738267E-012,  0.00000000000E+000,  0.48407682585E-014,  0.00000000000E+000,  0.00000000000E+000,  0.00000000000E+000
  0.31535700000E+008,  0.42883009340E-002,  0.86309239578E-012,  0.00000000000E+000,  0.48404497576E-014,  0.00000000000E+000,  0.00000000000E+000,  0.00000000000E+000
