"           TIME(S)","              HEAT","            FLOW_G","            FLOW_L","      FLOW_G_WATER","        FLOW_G_AIR","      FLOW_L_WATER","        FLOW_L_AIR"
  0.31535160000E+008,  0.79957022131E-002,  0.51830377255E-009,  0.00000000000E+000,  0.28826800323E-011,  0.83764908551E-014,  0.00000000000E+000,  0.00000000000E+000
  0.31535280000E+008,  0.79954156646E-002,  0.51865968301E-009,  0.00000000000E+000,  0.28846556039E-011,  0.83822429028E-014,  0.00000000000E+000,  0.00000000000E+000
  0.31535520000E+008,  0.79948434507E-002,  0.51937500735E-009,  0.00000000000E+000,  0.28886262228E-011,  0.83938036213E-014,  0.00000000000E+000,  0.00000000000E+000
  0.31535700000E+008,  0.79944106392E-002,  0.51987104897E-009,  0.00000000000E+000,  0.28913791957E-011,  0.84018204086E-014,  0.00000000000E+000,  0.00000000000E+000
