"           TIME(S)","              HEAT","            FLOW_G","            FLOW_L","      FLOW_G_WATER","        FLOW_G_AIR","      FLOW_L_WATER","        FLOW_L_AIR"
  0.31535160000E+008,  0.53186013423E+001, -0.12277311818E-007,  0.00000000000E+000, -0.64455887044E-010, -0.00000000000E+000,  0.00000000000E+000,  0.00000000000E+000
  0.31535280000E+008,  0.53184425391E+001, -0.12204992604E-007,  0.00000000000E+000, -0.64076211171E-010, -0.00000000000E+000,  0.00000000000E+000,  0.00000000000E+000
  0.31535520000E+008,  0.53181251297E+001, -0.12060756097E-007,  0.00000000000E+000, -0.63318969509E-010, -0.00000000000E+000,  0.00000000000E+000,  0.00000000000E+000
  0.31535700000E+008,  0.53178872290E+001, -0.11952138312E-007,  0.00000000000E+000, -0.62748726140E-010, -0.00000000000E+000,  0.00000000000E+000,  0.00000000000E+000
