"           TIME(S)","              HEAT","            FLOW_G","            FLOW_L","      FLOW_G_WATER","        FLOW_G_AIR","      FLOW_L_WATER","        FLOW_L_AIR"
  0.31535160000E+008,  0.34707073830E-002,  0.57872738204E-011,  0.00000000000E+000,  0.32164811681E-013,  0.00000000000E+000,  0.00000000000E+000,  0.00000000000E+000
  0.31535280000E+008,  0.34705697964E-002,  0.57872441508E-011,  0.00000000000E+000,  0.32164603330E-013,  0.00000000000E+000,  0.00000000000E+000,  0.00000000000E+000
  0.31535520000E+008,  0.34702946400E-002,  0.57871865892E-011,  0.00000000000E+000,  0.32164196502E-013,  0.00000000000E+000,  0.00000000000E+000,  0.00000000000E+000
  0.31535700000E+008,  0.34700882830E-002,  0.57871443050E-011,  0.00000000000E+000,  0.32163896310E-013,  0.00000000000E+000,  0.00000000000E+000,  0.00000000000E+000
