"           TIME(S)","              HEAT","            FLOW_G","            FLOW_L","      FLOW_G_WATER","        FLOW_G_AIR","      FLOW_L_WATER","        FLOW_L_AIR"
  0.31535160000E+008, -0.10565288134E-001,  0.12967153549E-008,  0.00000000000E+000,  0.13470521145E-010,  0.20771536689E-013,  0.00000000000E+000,  0.00000000000E+000
  0.31535280000E+008, -0.10565326257E-001,  0.12968130582E-008,  0.00000000000E+000,  0.13471535113E-010,  0.20773101846E-013,  0.00000000000E+000,  0.00000000000E+000
  0.31535520000E+008, -0.10565403984E-001,  0.12969959255E-008,  0.00000000000E+000,  0.13473432795E-010,  0.20776031290E-013,  0.00000000000E+000,  0.00000000000E+000
  0.31535700000E+008, -0.10565462875E-001,  0.12971279028E-008,  0.00000000000E+000,  0.13474802319E-010,  0.20778145503E-013,  0.00000000000E+000,  0.00000000000E+000
