"           TIME(S)","              HEAT","            FLOW_G","            FLOW_L"
  0.71946000000E+005,  0.25879787194E-001,  0.35916883134E-006,  0.00000000000E+000
  0.71958000000E+005,  0.25871102005E-001,  0.35910526215E-006,  0.00000000000E+000
  0.71982000000E+005,  0.25866032713E-001,  0.35909299685E-006,  0.00000000000E+000
  0.72000000000E+005,  0.25863530724E-001,  0.35909592658E-006,  0.00000000000E+000
