"           TIME(S)","              HEAT","            FLOW_G","            FLOW_L","      FLOW_G_WATER","        FLOW_G_AIR","      FLOW_L_WATER","        FLOW_L_AIR"
  0.99600000000E+004,  0.17860349369E+002,  0.00000000000E+000,  0.40881941973E-003,  0.00000000000E+000,  0.00000000000E+000,  0.13134883199E-005,  0.15939240355E-007
  0.10080000000E+005,  0.17860210480E+002,  0.00000000000E+000,  0.40881623462E-003,  0.00000000000E+000,  0.00000000000E+000,  0.13134781013E-005,  0.15939116027E-007
  0.10320000000E+005,  0.17859946669E+002,  0.00000000000E+000,  0.40881018415E-003,  0.00000000000E+000,  0.00000000000E+000,  0.13134586901E-005,  0.15938879856E-007
  0.10500000000E+005,  0.17859756252E+002,  0.00000000000E+000,  0.40880581663E-003,  0.00000000000E+000,  0.00000000000E+000,  0.13134446782E-005,  0.15938709378E-007
