"           TIME(S)","              HEAT","            FLOW_G","            FLOW_L","      FLOW_G_WATER","        FLOW_G_AIR","      FLOW_L_WATER","        FLOW_L_AIR"
  0.31535160000E+008,  0.32518102175E+000, -0.88241783103E-009,  0.00000000000E+000, -0.46326936129E-011, -0.00000000000E+000,  0.00000000000E+000,  0.00000000000E+000
  0.31535280000E+008,  0.32517100395E+000, -0.87741477898E-009,  0.00000000000E+000, -0.46064275896E-011, -0.00000000000E+000,  0.00000000000E+000,  0.00000000000E+000
  0.31535520000E+008,  0.32515097878E+000, -0.86742171073E-009,  0.00000000000E+000, -0.45539639813E-011, -0.00000000000E+000,  0.00000000000E+000,  0.00000000000E+000
  0.31535700000E+008,  0.32513596918E+000, -0.85990219679E-009,  0.00000000000E+000, -0.45144865331E-011, -0.00000000000E+000,  0.00000000000E+000,  0.00000000000E+000
