"           TIME(S)","              HEAT","            FLOW_G","            FLOW_L","      FLOW_G_WATER","        FLOW_G_AIR","      FLOW_L_WATER","        FLOW_L_AIR"
  0.31535160000E+008,  0.11470411349E+000,  0.12370666634E-008,  0.00000000000E+000,  0.68836169226E-011,  0.19969816910E-013,  0.00000000000E+000,  0.00000000000E+000
  0.31535280000E+008,  0.11469991835E+000,  0.12404576416E-008,  0.00000000000E+000,  0.69024765847E-011,  0.20024557306E-013,  0.00000000000E+000,  0.00000000000E+000
  0.31535520000E+008,  0.11469147392E+000,  0.12466452733E-008,  0.00000000000E+000,  0.69368886772E-011,  0.20124443990E-013,  0.00000000000E+000,  0.00000000000E+000
  0.31535700000E+008,  0.11468511345E+000,  0.12509842080E-008,  0.00000000000E+000,  0.69610183446E-011,  0.20194487262E-013,  0.00000000000E+000,  0.00000000000E+000
