"           TIME(S)","              HEAT","            FLOW_G","            FLOW_L","      FLOW_G_WATER","        FLOW_G_AIR","      FLOW_L_WATER","        FLOW_L_AIR"
  0.99600000000E+004,  0.17953199087E+002,  0.00000000000E+000,  0.41085097280E-003,  0.00000000000E+000,  0.00000000000E+000,  0.12665260023E-005,  0.16697125572E-007
  0.10080000000E+005,  0.17953237697E+002,  0.00000000000E+000,  0.41085185613E-003,  0.00000000000E+000,  0.00000000000E+000,  0.12665289168E-005,  0.16697158956E-007
  0.10320000000E+005,  0.17953308975E+002,  0.00000000000E+000,  0.41085348681E-003,  0.00000000000E+000,  0.00000000000E+000,  0.12665343099E-005,  0.16697220419E-007
  0.10500000000E+005,  0.17953359326E+002,  0.00000000000E+000,  0.41085463868E-003,  0.00000000000E+000,  0.00000000000E+000,  0.12665381263E-005,  0.16697263744E-007
