"           TIME(S)","              HEAT","            FLOW_G","            FLOW_L"
  0.71946000000E+005,  0.88189437569E-002,  0.12282773825E-006,  0.00000000000E+000
  0.71958000000E+005,  0.88172891884E-002,  0.12281830070E-006,  0.00000000000E+000
  0.71982000000E+005,  0.88159046801E-002,  0.12281739416E-006,  0.00000000000E+000
  0.72000000000E+005,  0.88150508596E-002,  0.12281843356E-006,  0.00000000000E+000
