"           TIME(S)","              HEAT","            FLOW_G","            FLOW_L","      FLOW_G_WATER","        FLOW_G_AIR","      FLOW_L_WATER","        FLOW_L_AIR"
  0.31535160000E+008,  0.30775018638E-001, -0.85435871794E-010,  0.00000000000E+000, -0.44853832692E-012, -0.00000000000E+000,  0.00000000000E+000,  0.00000000000E+000
  0.31535280000E+008,  0.30774045195E-001, -0.84949016714E-010,  0.00000000000E+000, -0.44598233775E-012, -0.00000000000E+000,  0.00000000000E+000,  0.00000000000E+000
  0.31535520000E+008,  0.30772098460E-001, -0.83988408871E-010,  0.00000000000E+000, -0.44093914657E-012, -0.00000000000E+000,  0.00000000000E+000,  0.00000000000E+000
  0.31535700000E+008,  0.30770639516E-001, -0.83264755398E-010,  0.00000000000E+000, -0.43713996584E-012, -0.00000000000E+000,  0.00000000000E+000,  0.00000000000E+000
