"           TIME(S)","              HEAT","            FLOW_G","            FLOW_L","      FLOW_G_WATER","        FLOW_G_AIR","      FLOW_L_WATER","        FLOW_L_AIR"
  0.31535160000E+008,  0.13104317192E+002,  0.18410805920E-006,  0.00000000000E+000,  0.10322743311E-008,  0.29718387295E-011,  0.00000000000E+000,  0.00000000000E+000
  0.31535280000E+008,  0.13103887468E+002,  0.18437998836E-006,  0.00000000000E+000,  0.10337975046E-008,  0.29762282003E-011,  0.00000000000E+000,  0.00000000000E+000
  0.31535520000E+008,  0.13103026954E+002,  0.18490701002E-006,  0.00000000000E+000,  0.10367494392E-008,  0.29847353678E-011,  0.00000000000E+000,  0.00000000000E+000
  0.31535700000E+008,  0.13102382034E+002,  0.18530366514E-006,  0.00000000000E+000,  0.10389711673E-008,  0.29911381629E-011,  0.00000000000E+000,  0.00000000000E+000
