"           TIME(S)","              HEAT","            FLOW_G","            FLOW_L","      FLOW_G_WATER","        FLOW_G_AIR","      FLOW_L_WATER","        FLOW_L_AIR"
  0.31535160000E+008,  0.80063795041E-002,  0.98463132137E-010,  0.00000000000E+000,  0.54774232575E-012,  0.15912942462E-014,  0.00000000000E+000,  0.00000000000E+000
  0.31535280000E+008,  0.80060834923E-002,  0.98728818569E-010,  0.00000000000E+000,  0.54921957071E-012,  0.15955880996E-014,  0.00000000000E+000,  0.00000000000E+000
  0.31535520000E+008,  0.80054877234E-002,  0.99216508523E-010,  0.00000000000E+000,  0.55193104634E-012,  0.16034698334E-014,  0.00000000000E+000,  0.00000000000E+000
  0.31535700000E+008,  0.80050390088E-002,  0.99559904636E-010,  0.00000000000E+000,  0.55384019485E-012,  0.16090195836E-014,  0.00000000000E+000,  0.00000000000E+000
