"           TIME(S)","              HEAT","            FLOW_G","            FLOW_L","      FLOW_G_WATER","        FLOW_G_AIR","      FLOW_L_WATER","        FLOW_L_AIR"
  0.31535160000E+008,  0.70762886366E+001,  0.26930878074E-006,  0.00000000000E+000,  0.15215272114E-008,  0.43468506844E-011,  0.00000000000E+000,  0.00000000000E+000
  0.31535280000E+008,  0.70760894697E+001,  0.26947647321E-006,  0.00000000000E+000,  0.15224723313E-008,  0.43495574309E-011,  0.00000000000E+000,  0.00000000000E+000
  0.31535520000E+008,  0.70756907499E+001,  0.26980503303E-006,  0.00000000000E+000,  0.15243240055E-008,  0.43548607616E-011,  0.00000000000E+000,  0.00000000000E+000
  0.31535700000E+008,  0.70753914543E+001,  0.27004724572E-006,  0.00000000000E+000,  0.15256889862E-008,  0.43587703527E-011,  0.00000000000E+000,  0.00000000000E+000
