"           TIME(S)","              HEAT","            FLOW_G","            FLOW_L","      FLOW_G_WATER","        FLOW_G_AIR","      FLOW_L_WATER","        FLOW_L_AIR"
  0.31535160000E+008, -0.82197744053E-002,  0.10098257147E-008,  0.00000000000E+000,  0.10490013158E-010,  0.16175978418E-013,  0.00000000000E+000,  0.00000000000E+000
  0.31535280000E+008, -0.82198038158E-002,  0.10099016649E-008,  0.00000000000E+000,  0.10490801357E-010,  0.16177195103E-013,  0.00000000000E+000,  0.00000000000E+000
  0.31535520000E+008, -0.82198637455E-002,  0.10100438090E-008,  0.00000000000E+000,  0.10492276409E-010,  0.16179472183E-013,  0.00000000000E+000,  0.00000000000E+000
  0.31535700000E+008, -0.82199091319E-002,  0.10101463930E-008,  0.00000000000E+000,  0.10493340898E-010,  0.16181115530E-013,  0.00000000000E+000,  0.00000000000E+000
