"           TIME(S)","              HEAT","            FLOW_G","            FLOW_L"
  0.71946000000E+005,  0.19779079331E-001,  0.27450102568E-006,  0.00000000000E+000
  0.71958000000E+005,  0.19772775299E-001,  0.27445558895E-006,  0.00000000000E+000
  0.71982000000E+005,  0.19769140154E-001,  0.27444850740E-006,  0.00000000000E+000
  0.72000000000E+005,  0.19767272202E-001,  0.27445120348E-006,  0.00000000000E+000
