"           TIME(S)","              HEAT","            FLOW_G","            FLOW_L","      FLOW_G_WATER","        FLOW_G_AIR","      FLOW_L_WATER","        FLOW_L_AIR"
  0.31535160000E+008,  0.31894408394E+001,  0.17056682298E-006,  0.00000000000E+000,  0.95358055614E-009,  0.27533401052E-011,  0.00000000000E+000,  0.00000000000E+000
  0.31535280000E+008,  0.31893268154E+001,  0.17067472200E-006,  0.00000000000E+000,  0.95418232650E-009,  0.27550818815E-011,  0.00000000000E+000,  0.00000000000E+000
  0.31535520000E+008,  0.31890980188E+001,  0.17088110245E-006,  0.00000000000E+000,  0.95533321349E-009,  0.27584134127E-011,  0.00000000000E+000,  0.00000000000E+000
  0.31535700000E+008,  0.31889262143E+001,  0.17103277978E-006,  0.00000000000E+000,  0.95617899956E-009,  0.27608618907E-011,  0.00000000000E+000,  0.00000000000E+000
