"           TIME(S)","              HEAT","            FLOW_G","            FLOW_L","      FLOW_G_WATER","        FLOW_G_AIR","      FLOW_L_WATER","        FLOW_L_AIR"
  0.31535160000E+008,  0.19013307673E+000, -0.52149015715E-009,  0.00000000000E+000, -0.27378233250E-011, -0.00000000000E+000,  0.00000000000E+000,  0.00000000000E+000
  0.31535280000E+008,  0.19012717259E+000, -0.51851050657E-009,  0.00000000000E+000, -0.27221801595E-011, -0.00000000000E+000,  0.00000000000E+000,  0.00000000000E+000
  0.31535520000E+008,  0.19011536243E+000, -0.51263546251E-009,  0.00000000000E+000, -0.26913361782E-011, -0.00000000000E+000,  0.00000000000E+000,  0.00000000000E+000
  0.31535700000E+008,  0.19010651010E+000, -0.50820937750E-009,  0.00000000000E+000, -0.26680992319E-011, -0.00000000000E+000,  0.00000000000E+000,  0.00000000000E+000
