"           TIME(S)","              HEAT","            FLOW_G","            FLOW_L","      FLOW_G_WATER","        FLOW_G_AIR","      FLOW_L_WATER","        FLOW_L_AIR"
  0.31535160000E+008, -0.29029048248E-001,  0.35852460158E-008,  0.00000000000E+000,  0.37252574642E-010,  0.57430362700E-013,  0.00000000000E+000,  0.00000000000E+000
  0.31535280000E+008, -0.29029150599E-001,  0.35855166597E-008,  0.00000000000E+000,  0.37255384113E-010,  0.57434698263E-013,  0.00000000000E+000,  0.00000000000E+000
  0.31535520000E+008, -0.29029360367E-001,  0.35860235774E-008,  0.00000000000E+000,  0.37260645926E-010,  0.57442818806E-013,  0.00000000000E+000,  0.00000000000E+000
  0.31535700000E+008, -0.29029519914E-001,  0.35863895369E-008,  0.00000000000E+000,  0.37264444438E-010,  0.57448681281E-013,  0.00000000000E+000,  0.00000000000E+000
