"           TIME(S)","              HEAT","            FLOW_G","            FLOW_L","      FLOW_G_WATER","        FLOW_G_AIR","      FLOW_L_WATER","        FLOW_L_AIR"
  0.31535160000E+008,  0.23832364434E-001,  0.95151047596E-009,  0.00000000000E+000,  0.53360424501E-011,  0.15359035509E-013,  0.00000000000E+000,  0.00000000000E+000
  0.31535280000E+008,  0.23831613220E-001,  0.95191633497E-009,  0.00000000000E+000,  0.53383110210E-011,  0.15365586976E-013,  0.00000000000E+000,  0.00000000000E+000
  0.31535520000E+008,  0.23830164019E-001,  0.95326055304E-009,  0.00000000000E+000,  0.53458343855E-011,  0.15387285393E-013,  0.00000000000E+000,  0.00000000000E+000
  0.31535700000E+008,  0.23829076038E-001,  0.95425090774E-009,  0.00000000000E+000,  0.53513770166E-011,  0.15403271740E-013,  0.00000000000E+000,  0.00000000000E+000
