"           TIME(S)","              HEAT","            FLOW_G","            FLOW_L","      FLOW_G_WATER","        FLOW_G_AIR","      FLOW_L_WATER","        FLOW_L_AIR"
  0.31535160000E+008,  0.33569981112E+000,  0.19048630513E-007,  0.00000000000E+000,  0.10604758605E-009,  0.30749889511E-012,  0.00000000000E+000,  0.00000000000E+000
  0.31535280000E+008,  0.33568811464E+000,  0.19062332752E-007,  0.00000000000E+000,  0.10612372546E-009,  0.30772009189E-012,  0.00000000000E+000,  0.00000000000E+000
  0.31535520000E+008,  0.33566444629E+000,  0.19086747450E-007,  0.00000000000E+000,  0.10625935921E-009,  0.30811422193E-012,  0.00000000000E+000,  0.00000000000E+000
  0.31535700000E+008,  0.33564678856E+000,  0.19105930849E-007,  0.00000000000E+000,  0.10636594079E-009,  0.30842390210E-012,  0.00000000000E+000,  0.00000000000E+000
