"           TIME(S)","              HEAT","            FLOW_G","            FLOW_L","      FLOW_G_WATER","        FLOW_G_AIR","      FLOW_L_WATER","        FLOW_L_AIR"
  0.31535160000E+008,  0.30079994539E+001, -0.72685054828E-008,  0.00000000000E+000, -0.38159653784E-010, -0.00000000000E+000,  0.00000000000E+000,  0.00000000000E+000
  0.31535280000E+008,  0.30079066594E+001, -0.72262793699E-008,  0.00000000000E+000, -0.37937966692E-010, -0.00000000000E+000,  0.00000000000E+000,  0.00000000000E+000
  0.31535520000E+008,  0.30077211933E+001, -0.71419145524E-008,  0.00000000000E+000, -0.37495051400E-010, -0.00000000000E+000,  0.00000000000E+000,  0.00000000000E+000
  0.31535700000E+008,  0.30075821970E+001, -0.70783990963E-008,  0.00000000000E+000, -0.37161595255E-010, -0.00000000000E+000,  0.00000000000E+000,  0.00000000000E+000
