"           TIME(S)","              HEAT","            FLOW_G","            FLOW_L","      FLOW_G_WATER","        FLOW_G_AIR","      FLOW_L_WATER","        FLOW_L_AIR"
  0.31535160000E+008,  0.13518680971E+001,  0.74242735550E-007,  0.00000000000E+000,  0.41421508054E-009,  0.11984687159E-011,  0.00000000000E+000,  0.00000000000E+000
  0.31535280000E+008,  0.13518190767E+001,  0.74292213022E-007,  0.00000000000E+000,  0.41449051387E-009,  0.11992674254E-011,  0.00000000000E+000,  0.00000000000E+000
  0.31535520000E+008,  0.13517205747E+001,  0.74385586580E-007,  0.00000000000E+000,  0.41501023950E-009,  0.12007747466E-011,  0.00000000000E+000,  0.00000000000E+000
  0.31535700000E+008,  0.13516466765E+001,  0.74454920640E-007,  0.00000000000E+000,  0.41539614855E-009,  0.12018940005E-011,  0.00000000000E+000,  0.00000000000E+000
