"           TIME(S)","              HEAT","            FLOW_G","            FLOW_L"
  0.71946000000E+005,  0.29735221431E-002,  0.42329713023E-007,  0.00000000000E+000
  0.71958000000E+005,  0.29737717057E-002,  0.42334117381E-007,  0.00000000000E+000
  0.71982000000E+005,  0.29736604940E-002,  0.42337222140E-007,  0.00000000000E+000
  0.72000000000E+005,  0.29734079371E-002,  0.42337968929E-007,  0.00000000000E+000
