"           TIME(S)","              HEAT","            FLOW_G","            FLOW_L"
  0.71946000000E+005,  0.77859352390E-003,  0.11460631378E-007,  0.00000000000E+000
  0.71958000000E+005,  0.77863687199E-003,  0.11461564974E-007,  0.00000000000E+000
  0.71982000000E+005,  0.77857425927E-003,  0.11462035689E-007,  0.00000000000E+000
  0.72000000000E+005,  0.77850510422E-003,  0.11462180416E-007,  0.00000000000E+000
