"           TIME(S)","              HEAT","            FLOW_G","            FLOW_L","      FLOW_G_WATER","        FLOW_G_AIR","      FLOW_L_WATER","        FLOW_L_AIR"
  0.31535160000E+008, -0.17490942064E-001,  0.21477790179E-008,  0.00000000000E+000,  0.22313300702E-010,  0.34404326974E-013,  0.00000000000E+000,  0.00000000000E+000
  0.31535280000E+008, -0.17491005472E-001,  0.21479412191E-008,  0.00000000000E+000,  0.22314984173E-010,  0.34406925351E-013,  0.00000000000E+000,  0.00000000000E+000
  0.31535520000E+008, -0.17491135026E-001,  0.21482448762E-008,  0.00000000000E+000,  0.22318135596E-010,  0.34411789784E-013,  0.00000000000E+000,  0.00000000000E+000
  0.31535700000E+008, -0.17491233341E-001,  0.21484640515E-008,  0.00000000000E+000,  0.22320410155E-010,  0.34415300862E-013,  0.00000000000E+000,  0.00000000000E+000
