"           TIME(S)","              HEAT","            FLOW_G","            FLOW_L","      FLOW_G_WATER","        FLOW_G_AIR","      FLOW_L_WATER","        FLOW_L_AIR"
  0.31535160000E+008,  0.97230423005E+000,  0.38122100804E-007,  0.00000000000E+000,  0.21428911840E-009,  0.61534669587E-012,  0.00000000000E+000,  0.00000000000E+000
  0.31535280000E+008,  0.97227582662E+000,  0.38152934443E-007,  0.00000000000E+000,  0.21446212954E-009,  0.61584440420E-012,  0.00000000000E+000,  0.00000000000E+000
  0.31535520000E+008,  0.97221806159E+000,  0.38204317549E-007,  0.00000000000E+000,  0.21475034243E-009,  0.61667381914E-012,  0.00000000000E+000,  0.00000000000E+000
  0.31535700000E+008,  0.97217469742E+000,  0.38242172321E-007,  0.00000000000E+000,  0.21496266454E-009,  0.61728486287E-012,  0.00000000000E+000,  0.00000000000E+000
