"           TIME(S)","              HEAT","            FLOW_G","            FLOW_L","      FLOW_G_WATER","        FLOW_G_AIR","      FLOW_L_WATER","        FLOW_L_AIR"
  0.31535160000E+008,  0.16381227946E+002, -0.35083948494E-007,  0.00000000000E+000, -0.18419072959E-009, -0.00000000000E+000,  0.00000000000E+000,  0.00000000000E+000
  0.31535280000E+008,  0.16380775616E+002, -0.34871712361E-007,  0.00000000000E+000, -0.18307648990E-009, -0.00000000000E+000,  0.00000000000E+000,  0.00000000000E+000
  0.31535520000E+008,  0.16379871418E+002, -0.34449047164E-007,  0.00000000000E+000, -0.18085749761E-009, -0.00000000000E+000,  0.00000000000E+000,  0.00000000000E+000
  0.31535700000E+008,  0.16379193746E+002, -0.34130710952E-007,  0.00000000000E+000, -0.17918623250E-009, -0.00000000000E+000,  0.00000000000E+000,  0.00000000000E+000
