"           TIME(S)","              HEAT","            FLOW_G","            FLOW_L","      FLOW_G_WATER","        FLOW_G_AIR","      FLOW_L_WATER","        FLOW_L_AIR"
  0.31535160000E+008, -0.36265318836E+000,  0.65386115678E-007,  0.00000000000E+000,  0.68239646786E-009,  0.10473243567E-011,  0.00000000000E+000,  0.00000000000E+000
  0.31535280000E+008, -0.36265840123E+000,  0.65390262445E-007,  0.00000000000E+000,  0.68243964077E-009,  0.10473907828E-011,  0.00000000000E+000,  0.00000000000E+000
  0.31535520000E+008, -0.36266885807E+000,  0.65398187316E-007,  0.00000000000E+000,  0.68252213942E-009,  0.10475177295E-011,  0.00000000000E+000,  0.00000000000E+000
  0.31535700000E+008, -0.36267671355E+000,  0.65403961433E-007,  0.00000000000E+000,  0.68258224422E-009,  0.10476102238E-011,  0.00000000000E+000,  0.00000000000E+000
