"           TIME(S)","              HEAT","            FLOW_G","            FLOW_L","      FLOW_G_WATER","        FLOW_G_AIR","      FLOW_L_WATER","        FLOW_L_AIR"
  0.31535160000E+008,  0.56417268937E+001,  0.75224194294E-007,  0.00000000000E+000,  0.42116098406E-009,  0.12142743855E-011,  0.00000000000E+000,  0.00000000000E+000
  0.31535280000E+008,  0.56415293236E+001,  0.75347835881E-007,  0.00000000000E+000,  0.42185258908E-009,  0.12162702338E-011,  0.00000000000E+000,  0.00000000000E+000
  0.31535520000E+008,  0.56411336624E+001,  0.75587007207E-007,  0.00000000000E+000,  0.42319037777E-009,  0.12201309884E-011,  0.00000000000E+000,  0.00000000000E+000
  0.31535700000E+008,  0.56408369530E+001,  0.75765141430E-007,  0.00000000000E+000,  0.42418674819E-009,  0.12230064693E-011,  0.00000000000E+000,  0.00000000000E+000
