"           TIME(S)","              HEAT","            FLOW_G","            FLOW_L"
  0.71946000000E+005,  0.10136692490E-002,  0.14835208025E-007,  0.00000000000E+000
  0.71958000000E+005,  0.10136746594E-002,  0.14835961668E-007,  0.00000000000E+000
  0.71982000000E+005,  0.10136016413E-002,  0.14836684711E-007,  0.00000000000E+000
  0.72000000000E+005,  0.10135109153E-002,  0.14836890444E-007,  0.00000000000E+000
