"           TIME(S)","              HEAT","            FLOW_G","            FLOW_L","      FLOW_G_WATER","        FLOW_G_AIR","      FLOW_L_WATER","        FLOW_L_AIR"
  0.31535160000E+008, -0.22538638058E-001,  0.27734521002E-008,  0.00000000000E+000,  0.28815222202E-010,  0.44426670022E-013,  0.00000000000E+000,  0.00000000000E+000
  0.31535280000E+008, -0.22538719046E-001,  0.27736615988E-008,  0.00000000000E+000,  0.28817396726E-010,  0.44430026075E-013,  0.00000000000E+000,  0.00000000000E+000
  0.31535520000E+008, -0.22538884764E-001,  0.27740538800E-008,  0.00000000000E+000,  0.28821468202E-010,  0.44436310214E-013,  0.00000000000E+000,  0.00000000000E+000
  0.31535700000E+008, -0.22539010657E-001,  0.27743370469E-008,  0.00000000000E+000,  0.28824407064E-010,  0.44440846400E-013,  0.00000000000E+000,  0.00000000000E+000
