"           TIME(S)","              HEAT","            FLOW_G","            FLOW_L"
  0.71946000000E+005,  0.44333680471E-001,  0.61483010562E-006,  0.00000000000E+000
  0.71958000000E+005,  0.44318509784E-001,  0.61471858513E-006,  0.00000000000E+000
  0.71982000000E+005,  0.44309532812E-001,  0.61469505549E-006,  0.00000000000E+000
  0.72000000000E+005,  0.44305219479E-001,  0.61469998174E-006,  0.00000000000E+000
