"           TIME(S)","              HEAT","            FLOW_G","            FLOW_L","      FLOW_G_WATER","        FLOW_G_AIR","      FLOW_L_WATER","        FLOW_L_AIR"
  0.31535160000E+008,  0.12407303173E+002, -0.26940143682E-007,  0.00000000000E+000, -0.14143575433E-009, -0.00000000000E+000,  0.00000000000E+000,  0.00000000000E+000
  0.31535280000E+008,  0.12406955960E+002, -0.26778045199E-007,  0.00000000000E+000, -0.14058473729E-009, -0.00000000000E+000,  0.00000000000E+000,  0.00000000000E+000
  0.31535520000E+008,  0.12406261905E+002, -0.26455159052E-007,  0.00000000000E+000, -0.13888958502E-009, -0.00000000000E+000,  0.00000000000E+000,  0.00000000000E+000
  0.31535700000E+008,  0.12405741710E+002, -0.26211979554E-007,  0.00000000000E+000, -0.13761289266E-009, -0.00000000000E+000,  0.00000000000E+000,  0.00000000000E+000
