"           TIME(S)","              HEAT","            FLOW_G","            FLOW_L","      FLOW_G_WATER","        FLOW_G_AIR","      FLOW_L_WATER","        FLOW_L_AIR"
  0.31535160000E+008,  0.25581868906E+000,  0.14574536734E-007,  0.00000000000E+000,  0.81120149093E-010,  0.23527473736E-012,  0.00000000000E+000,  0.00000000000E+000
  0.31535280000E+008,  0.25580972969E+000,  0.14584703284E-007,  0.00000000000E+000,  0.81176625504E-010,  0.23543885749E-012,  0.00000000000E+000,  0.00000000000E+000
  0.31535520000E+008,  0.25579173108E+000,  0.14604111597E-007,  0.00000000000E+000,  0.81284430745E-010,  0.23575216903E-012,  0.00000000000E+000,  0.00000000000E+000
  0.31535700000E+008,  0.25577820450E+000,  0.14618321378E-007,  0.00000000000E+000,  0.81363356055E-010,  0.23598155993E-012,  0.00000000000E+000,  0.00000000000E+000
