"           TIME(S)","              HEAT","            FLOW_G","            FLOW_L","      FLOW_G_WATER","        FLOW_G_AIR","      FLOW_L_WATER","        FLOW_L_AIR"
  0.31535160000E+008,  0.21546219926E+002, -0.45782794869E-007,  0.00000000000E+000, -0.24035967306E-009, -0.00000000000E+000,  0.00000000000E+000,  0.00000000000E+000
  0.31535280000E+008,  0.21545629024E+002, -0.45505056200E-007,  0.00000000000E+000, -0.23890154505E-009, -0.00000000000E+000,  0.00000000000E+000,  0.00000000000E+000
  0.31535520000E+008,  0.21544447870E+002, -0.44951702970E-007,  0.00000000000E+000, -0.23599644059E-009, -0.00000000000E+000,  0.00000000000E+000,  0.00000000000E+000
  0.31535700000E+008,  0.21543562598E+002, -0.44535000878E-007,  0.00000000000E+000, -0.23380875461E-009, -0.00000000000E+000,  0.00000000000E+000,  0.00000000000E+000
