"           TIME(S)","              HEAT","            FLOW_G","            FLOW_L","      FLOW_G_WATER","        FLOW_G_AIR","      FLOW_L_WATER","        FLOW_L_AIR"
  0.31535160000E+008,  0.18964426036E+000,  0.75477786713E-008,  0.00000000000E+000,  0.42347560828E-010,  0.12183391281E-012,  0.00000000000E+000,  0.00000000000E+000
  0.31535280000E+008,  0.18963835416E+000,  0.75505389036E-008,  0.00000000000E+000,  0.42362988533E-010,  0.12187846918E-012,  0.00000000000E+000,  0.00000000000E+000
  0.31535520000E+008,  0.18962704011E+000,  0.75610944819E-008,  0.00000000000E+000,  0.42422093749E-010,  0.12204885719E-012,  0.00000000000E+000,  0.00000000000E+000
  0.31535700000E+008,  0.18961854428E+000,  0.75688706919E-008,  0.00000000000E+000,  0.42465634341E-010,  0.12217438072E-012,  0.00000000000E+000,  0.00000000000E+000
