"           TIME(S)","              HEAT","            FLOW_G","            FLOW_L"
  0.71946000000E+005,  0.58021895666E-001,  0.80466150845E-006,  0.00000000000E+000
  0.71958000000E+005,  0.58002064313E-001,  0.80451572585E-006,  0.00000000000E+000
  0.71982000000E+005,  0.57990455147E-001,  0.80448613488E-006,  0.00000000000E+000
  0.72000000000E+005,  0.57984953748E-001,  0.80449385262E-006,  0.00000000000E+000
