"           TIME(S)","              HEAT","            FLOW_G","            FLOW_L","      FLOW_G_WATER","        FLOW_G_AIR","      FLOW_L_WATER","        FLOW_L_AIR"
  0.31535160000E+008,  0.56551140995E+001,  0.29782640810E-006,  0.00000000000E+000,  0.16673683638E-008,  0.48075399378E-011,  0.00000000000E+000,  0.00000000000E+000
  0.31535280000E+008,  0.56549218428E+001,  0.29800852157E-006,  0.00000000000E+000,  0.16683854111E-008,  0.48104796965E-011,  0.00000000000E+000,  0.00000000000E+000
  0.31535520000E+008,  0.56545361984E+001,  0.29835847841E-006,  0.00000000000E+000,  0.16703396098E-008,  0.48161288648E-011,  0.00000000000E+000,  0.00000000000E+000
  0.31535700000E+008,  0.56542465571E+001,  0.29861515056E-006,  0.00000000000E+000,  0.16717728075E-008,  0.48202721900E-011,  0.00000000000E+000,  0.00000000000E+000
