"           TIME(S)","              HEAT","            FLOW_G","            FLOW_L","      FLOW_G_WATER","        FLOW_G_AIR","      FLOW_L_WATER","        FLOW_L_AIR"
  0.31535160000E+008, -0.78843414274E-001,  0.10152542334E-007,  0.00000000000E+000,  0.10555970839E-009,  0.16262733125E-012,  0.00000000000E+000,  0.00000000000E+000
  0.31535280000E+008, -0.78843662289E-001,  0.10153296017E-007,  0.00000000000E+000,  0.10556753800E-009,  0.16263940470E-012,  0.00000000000E+000,  0.00000000000E+000
  0.31535520000E+008, -0.78844172555E-001,  0.10154711069E-007,  0.00000000000E+000,  0.10558223739E-009,  0.16266207281E-012,  0.00000000000E+000,  0.00000000000E+000
  0.31535700000E+008, -0.78844561692E-001,  0.10155733680E-007,  0.00000000000E+000,  0.10559285977E-009,  0.16267845432E-012,  0.00000000000E+000,  0.00000000000E+000
