"           TIME(S)","              HEAT","            FLOW_G","            FLOW_L"
  0.71946000000E+005,  0.35929763290E-003,  0.53554623618E-008,  0.00000000000E+000
  0.71958000000E+005,  0.35928795038E-003,  0.53555911006E-008,  0.00000000000E+000
  0.71982000000E+005,  0.35925419497E-003,  0.53557153304E-008,  0.00000000000E+000
  0.72000000000E+005,  0.35922450649E-003,  0.53557682926E-008,  0.00000000000E+000
