"           TIME(S)","              HEAT","            FLOW_G","            FLOW_L","      FLOW_G_WATER","        FLOW_G_AIR","      FLOW_L_WATER","        FLOW_L_AIR"
  0.31535160000E+008,  0.13512977001E+001,  0.16038590737E-007,  0.00000000000E+000,  0.89494340949E-010,  0.25890368180E-012,  0.00000000000E+000,  0.00000000000E+000
  0.31535280000E+008,  0.13512471722E+001,  0.16071725317E-007,  0.00000000000E+000,  0.89679097818E-010,  0.25943856167E-012,  0.00000000000E+000,  0.00000000000E+000
  0.31535520000E+008,  0.13511460123E+001,  0.16136079680E-007,  0.00000000000E+000,  0.90037925733E-010,  0.26047741176E-012,  0.00000000000E+000,  0.00000000000E+000
  0.31535700000E+008,  0.13510701011E+001,  0.16183438230E-007,  0.00000000000E+000,  0.90301983187E-010,  0.26124190448E-012,  0.00000000000E+000,  0.00000000000E+000
