"           TIME(S)","              HEAT","            FLOW_G","            FLOW_L","      FLOW_G_WATER","        FLOW_G_AIR","      FLOW_L_WATER","        FLOW_L_AIR"
  0.31535160000E+008,  0.24162247118E-001,  0.13985791083E-008,  0.00000000000E+000,  0.77786220670E-011,  0.22577181386E-013,  0.00000000000E+000,  0.00000000000E+000
  0.31535280000E+008,  0.24161374019E-001,  0.13995410756E-008,  0.00000000000E+000,  0.77839617738E-011,  0.22592710649E-013,  0.00000000000E+000,  0.00000000000E+000
  0.31535520000E+008,  0.24159630380E-001,  0.14014759681E-008,  0.00000000000E+000,  0.77947021061E-011,  0.22623946070E-013,  0.00000000000E+000,  0.00000000000E+000
  0.31535700000E+008,  0.24158312754E-001,  0.14028167565E-008,  0.00000000000E+000,  0.78021434134E-011,  0.22645590762E-013,  0.00000000000E+000,  0.00000000000E+000
