"           TIME(S)","              HEAT","            FLOW_G","            FLOW_L","      FLOW_G_WATER","        FLOW_G_AIR","      FLOW_L_WATER","        FLOW_L_AIR"
  0.31535160000E+008, -0.50001102780E-002,  0.61715961899E-009,  0.00000000000E+000,  0.64108572807E-011,  0.98860280890E-014,  0.00000000000E+000,  0.00000000000E+000
  0.31535280000E+008, -0.50001277991E-002,  0.61720583317E-009,  0.00000000000E+000,  0.64113368747E-011,  0.98867684174E-014,  0.00000000000E+000,  0.00000000000E+000
  0.31535520000E+008, -0.50001634928E-002,  0.61729232015E-009,  0.00000000000E+000,  0.64122343486E-011,  0.98881538977E-014,  0.00000000000E+000,  0.00000000000E+000
  0.31535700000E+008, -0.50001905178E-002,  0.61735473527E-009,  0.00000000000E+000,  0.64128820046E-011,  0.98891537588E-014,  0.00000000000E+000,  0.00000000000E+000
