"           TIME(S)","              HEAT","            FLOW_G","            FLOW_L","      FLOW_G_WATER","        FLOW_G_AIR","      FLOW_L_WATER","        FLOW_L_AIR"
  0.31535160000E+008,  0.40015313514E+001,  0.15341880815E-006,  0.00000000000E+000,  0.86541013871E-009,  0.24763337109E-011,  0.00000000000E+000,  0.00000000000E+000
  0.31535280000E+008,  0.40014138851E+001,  0.15351857009E-006,  0.00000000000E+000,  0.86597155705E-009,  0.24779440037E-011,  0.00000000000E+000,  0.00000000000E+000
  0.31535520000E+008,  0.40011785024E+001,  0.15371167961E-006,  0.00000000000E+000,  0.86705820826E-009,  0.24810610553E-011,  0.00000000000E+000,  0.00000000000E+000
  0.31535700000E+008,  0.40010018176E+001,  0.15385400919E-006,  0.00000000000E+000,  0.86785907686E-009,  0.24833584500E-011,  0.00000000000E+000,  0.00000000000E+000
