"           TIME(S)","              HEAT","            FLOW_G","            FLOW_L","      FLOW_G_WATER","        FLOW_G_AIR","      FLOW_L_WATER","        FLOW_L_AIR"
  0.31535160000E+008,  0.16418356119E+002,  0.62141602010E-006,  0.00000000000E+000,  0.35169153268E-008,  0.10029944329E-010,  0.00000000000E+000,  0.00000000000E+000
  0.31535280000E+008,  0.16417919462E+002,  0.62178815882E-006,  0.00000000000E+000,  0.35190162485E-008,  0.10035950960E-010,  0.00000000000E+000,  0.00000000000E+000
  0.31535520000E+008,  0.16417045542E+002,  0.62252007730E-006,  0.00000000000E+000,  0.35231481344E-008,  0.10047764743E-010,  0.00000000000E+000,  0.00000000000E+000
  0.31535700000E+008,  0.16416389537E+002,  0.62305972098E-006,  0.00000000000E+000,  0.35261944307E-008,  0.10056475051E-010,  0.00000000000E+000,  0.00000000000E+000
