"           TIME(S)","              HEAT","            FLOW_G","            FLOW_L","      FLOW_G_WATER","        FLOW_G_AIR","      FLOW_L_WATER","        FLOW_L_AIR"
  0.31535160000E+008,  0.19531707227E+000,  0.11164735386E-007,  0.00000000000E+000,  0.62129831092E-010,  0.18023102498E-012,  0.00000000000E+000,  0.00000000000E+000
  0.31535280000E+008,  0.19531017987E+000,  0.11172270862E-007,  0.00000000000E+000,  0.62171681056E-010,  0.18035267152E-012,  0.00000000000E+000,  0.00000000000E+000
  0.31535520000E+008,  0.19529643544E+000,  0.11187681119E-007,  0.00000000000E+000,  0.62257268890E-010,  0.18060144197E-012,  0.00000000000E+000,  0.00000000000E+000
  0.31535700000E+008,  0.19528602918E+000,  0.11198196631E-007,  0.00000000000E+000,  0.62315659984E-010,  0.18077119600E-012,  0.00000000000E+000,  0.00000000000E+000
