"           TIME(S)","              HEAT","            FLOW_G","            FLOW_L","      FLOW_G_WATER","        FLOW_G_AIR","      FLOW_L_WATER","        FLOW_L_AIR"
  0.31535160000E+008,  0.93727957392E+001, -0.20720148281E-007,  0.00000000000E+000, -0.10878077848E-009, -0.00000000000E+000,  0.00000000000E+000,  0.00000000000E+000
  0.31535280000E+008,  0.93725283625E+001, -0.20596299909E-007,  0.00000000000E+000, -0.10813057452E-009, -0.00000000000E+000,  0.00000000000E+000,  0.00000000000E+000
  0.31535520000E+008,  0.93719938781E+001, -0.20349536753E-007,  0.00000000000E+000, -0.10683506795E-009, -0.00000000000E+000,  0.00000000000E+000,  0.00000000000E+000
  0.31535700000E+008,  0.93715933002E+001, -0.20163691537E-007,  0.00000000000E+000, -0.10585938057E-009, -0.00000000000E+000,  0.00000000000E+000,  0.00000000000E+000
