"           TIME(S)","              HEAT","            FLOW_G","            FLOW_L","      FLOW_G_WATER","        FLOW_G_AIR","      FLOW_L_WATER","        FLOW_L_AIR"
  0.31535160000E+008,  0.32442701964E+000,  0.12868362526E-007,  0.00000000000E+000,  0.72227187474E-010,  0.20771656447E-012,  0.00000000000E+000,  0.00000000000E+000
  0.31535280000E+008,  0.32441739939E+000,  0.12877118267E-007,  0.00000000000E+000,  0.72276230986E-010,  0.20785789920E-012,  0.00000000000E+000,  0.00000000000E+000
  0.31535520000E+008,  0.32439820505E+000,  0.12894978176E-007,  0.00000000000E+000,  0.72376273337E-010,  0.20814619286E-012,  0.00000000000E+000,  0.00000000000E+000
  0.31535700000E+008,  0.32438379267E+000,  0.12908135857E-007,  0.00000000000E+000,  0.72449973179E-010,  0.20835858352E-012,  0.00000000000E+000,  0.00000000000E+000
