"           TIME(S)","              HEAT","            FLOW_G","            FLOW_L"
  0.71946000000E+005,  0.15114608559E-001,  0.20991691940E-006,  0.00000000000E+000
  0.71958000000E+005,  0.15110341396E-001,  0.20988728247E-006,  0.00000000000E+000
  0.71982000000E+005,  0.15107795918E-001,  0.20988393271E-006,  0.00000000000E+000
  0.72000000000E+005,  0.15106396835E-001,  0.20988617648E-006,  0.00000000000E+000
