"           TIME(S)","              HEAT","            FLOW_G","            FLOW_L","      FLOW_G_WATER","        FLOW_G_AIR","      FLOW_L_WATER","        FLOW_L_AIR"
  0.31535160000E+008,  0.12432779901E+002,  0.47108799530E-006,  0.00000000000E+000,  0.26649588312E-008,  0.76036206288E-011,  0.00000000000E+000,  0.00000000000E+000
  0.31535280000E+008,  0.12432444682E+002,  0.47137284544E-006,  0.00000000000E+000,  0.26665662741E-008,  0.76082183731E-011,  0.00000000000E+000,  0.00000000000E+000
  0.31535520000E+008,  0.12431773740E+002,  0.47193276223E-006,  0.00000000000E+000,  0.26697258052E-008,  0.76172559510E-011,  0.00000000000E+000,  0.00000000000E+000
  0.31535700000E+008,  0.12431270101E+002,  0.47234559352E-006,  0.00000000000E+000,  0.26720552439E-008,  0.76239194350E-011,  0.00000000000E+000,  0.00000000000E+000
