"           TIME(S)","              HEAT","            FLOW_G","            FLOW_L","      FLOW_G_WATER","        FLOW_G_AIR","      FLOW_L_WATER","        FLOW_L_AIR"
  0.31535160000E+008, -0.61707164929E+000,  0.19269777525E-006,  0.00000000000E+000,  0.20189638170E-008,  0.30863509141E-011,  0.00000000000E+000,  0.00000000000E+000
  0.31535280000E+008, -0.61709045769E+000,  0.19270761771E-006,  0.00000000000E+000,  0.20190665759E-008,  0.30865085726E-011,  0.00000000000E+000,  0.00000000000E+000
  0.31535520000E+008, -0.61712810847E+000,  0.19272694880E-006,  0.00000000000E+000,  0.20192683867E-008,  0.30868182225E-011,  0.00000000000E+000,  0.00000000000E+000
  0.31535700000E+008, -0.61715636618E+000,  0.19274124417E-006,  0.00000000000E+000,  0.20194176186E-008,  0.30870472092E-011,  0.00000000000E+000,  0.00000000000E+000
