"           TIME(S)","              HEAT","            FLOW_G","            FLOW_L","      FLOW_G_WATER","        FLOW_G_AIR","      FLOW_L_WATER","        FLOW_L_AIR"
  0.31535160000E+008, -0.61632366690E-001,  0.78117477482E-008,  0.00000000000E+000,  0.81203051072E-010,  0.12513196914E-012,  0.00000000000E+000,  0.00000000000E+000
  0.31535280000E+008, -0.61632562974E-001,  0.78123317442E-008,  0.00000000000E+000,  0.81209116433E-010,  0.12514132436E-012,  0.00000000000E+000,  0.00000000000E+000
  0.31535520000E+008, -0.61632966947E-001,  0.78134272488E-008,  0.00000000000E+000,  0.81220493627E-010,  0.12515887362E-012,  0.00000000000E+000,  0.00000000000E+000
  0.31535700000E+008, -0.61633275084E-001,  0.78142186422E-008,  0.00000000000E+000,  0.81228712212E-010,  0.12517155123E-012,  0.00000000000E+000,  0.00000000000E+000
