"           TIME(S)","              HEAT","            FLOW_G","            FLOW_L","      FLOW_G_WATER","        FLOW_G_AIR","      FLOW_L_WATER","        FLOW_L_AIR"
  0.31535160000E+008,  0.19557399348E+000,  0.21223757408E-008,  0.00000000000E+000,  0.11812945255E-010,  0.34261192626E-013,  0.00000000000E+000,  0.00000000000E+000
  0.31535280000E+008,  0.19556691349E+000,  0.21281373286E-008,  0.00000000000E+000,  0.11844997748E-010,  0.34354201494E-013,  0.00000000000E+000,  0.00000000000E+000
  0.31535520000E+008,  0.19555265687E+000,  0.21385932009E-008,  0.00000000000E+000,  0.11903162007E-010,  0.34522989919E-013,  0.00000000000E+000,  0.00000000000E+000
  0.31535700000E+008,  0.19554191589E+000,  0.21458965741E-008,  0.00000000000E+000,  0.11943787608E-010,  0.34640887816E-013,  0.00000000000E+000,  0.00000000000E+000
