"           TIME(S)","              HEAT","            FLOW_G","            FLOW_L","      FLOW_G_WATER","        FLOW_G_AIR","      FLOW_L_WATER","        FLOW_L_AIR"
  0.31535160000E+008,  0.56034950977E+000, -0.14953904712E-008,  0.00000000000E+000, -0.78507999737E-011, -0.00000000000E+000,  0.00000000000E+000,  0.00000000000E+000
  0.31535280000E+008,  0.56033229980E+000, -0.14869549334E-008,  0.00000000000E+000, -0.78065134002E-011, -0.00000000000E+000,  0.00000000000E+000,  0.00000000000E+000
  0.31535520000E+008,  0.56029791848E+000, -0.14699220421E-008,  0.00000000000E+000, -0.77170907212E-011, -0.00000000000E+000,  0.00000000000E+000,  0.00000000000E+000
  0.31535700000E+008,  0.56027214965E+000, -0.14571168876E-008,  0.00000000000E+000, -0.76498636600E-011, -0.00000000000E+000,  0.00000000000E+000,  0.00000000000E+000
