"           TIME(S)","              HEAT","            FLOW_G","            FLOW_L","      FLOW_G_WATER","        FLOW_G_AIR","      FLOW_L_WATER","        FLOW_L_AIR"
  0.31535160000E+008,  0.11168378377E+000,  0.44529912517E-008,  0.00000000000E+000,  0.24978068752E-010,  0.71878926197E-013,  0.00000000000E+000,  0.00000000000E+000
  0.31535280000E+008,  0.11168028849E+000,  0.44547563954E-008,  0.00000000000E+000,  0.24987935121E-010,  0.71907419565E-013,  0.00000000000E+000,  0.00000000000E+000
  0.31535520000E+008,  0.11167356855E+000,  0.44610146988E-008,  0.00000000000E+000,  0.25022969944E-010,  0.72008441180E-013,  0.00000000000E+000,  0.00000000000E+000
  0.31535700000E+008,  0.11166852255E+000,  0.44656253100E-008,  0.00000000000E+000,  0.25048779734E-010,  0.72082865755E-013,  0.00000000000E+000,  0.00000000000E+000
