"           TIME(S)","              HEAT","            FLOW_G","            FLOW_L","      FLOW_G_WATER","        FLOW_G_AIR","      FLOW_L_WATER","        FLOW_L_AIR"
  0.31535160000E+008, -0.12733235732E+000,  0.17204309623E-007,  0.00000000000E+000,  0.17899408361E-009,  0.27558285007E-012,  0.00000000000E+000,  0.00000000000E+000
  0.31535280000E+008, -0.12733282530E+000,  0.17205558341E-007,  0.00000000000E+000,  0.17900706324E-009,  0.27560285346E-012,  0.00000000000E+000,  0.00000000000E+000
  0.31535520000E+008, -0.12733378159E+000,  0.17207908889E-007,  0.00000000000E+000,  0.17903149427E-009,  0.27564050723E-012,  0.00000000000E+000,  0.00000000000E+000
  0.31535700000E+008, -0.12733450787E+000,  0.17209609436E-007,  0.00000000000E+000,  0.17904916869E-009,  0.27566774855E-012,  0.00000000000E+000,  0.00000000000E+000
