"           TIME(S)","              HEAT","            FLOW_G","            FLOW_L","      FLOW_G_WATER","        FLOW_G_AIR","      FLOW_L_WATER","        FLOW_L_AIR"
  0.31535160000E+008,  0.18633481681E-001, -0.51687313585E-010,  0.00000000000E+000, -0.27135839632E-012, -0.00000000000E+000,  0.00000000000E+000,  0.00000000000E+000
  0.31535280000E+008,  0.18632891693E-001, -0.51392808564E-010,  0.00000000000E+000, -0.26981224496E-012, -0.00000000000E+000,  0.00000000000E+000,  0.00000000000E+000
  0.31535520000E+008,  0.18631711908E-001, -0.50811703466E-010,  0.00000000000E+000, -0.26676144320E-012, -0.00000000000E+000,  0.00000000000E+000,  0.00000000000E+000
  0.31535700000E+008,  0.18630827786E-001, -0.50373941415E-010,  0.00000000000E+000, -0.26446319243E-012, -0.00000000000E+000,  0.00000000000E+000,  0.00000000000E+000
