"           TIME(S)","              HEAT","            FLOW_G","            FLOW_L","      FLOW_G_WATER","        FLOW_G_AIR","      FLOW_L_WATER","        FLOW_L_AIR"
  0.31535160000E+008, -0.69705157336E+000,  0.33120071631E-006,  0.00000000000E+000,  0.34765412009E-008,  0.53045111227E-011,  0.00000000000E+000,  0.00000000000E+000
  0.31535280000E+008, -0.69707826839E+000,  0.33121555880E-006,  0.00000000000E+000,  0.34766964783E-008,  0.53047488653E-011,  0.00000000000E+000,  0.00000000000E+000
  0.31535520000E+008, -0.69713166063E+000,  0.33124524803E-006,  0.00000000000E+000,  0.34770070775E-008,  0.53052244181E-011,  0.00000000000E+000,  0.00000000000E+000
  0.31535700000E+008, -0.69717171335E+000,  0.33126744611E-006,  0.00000000000E+000,  0.34772393043E-008,  0.53055799802E-011,  0.00000000000E+000,  0.00000000000E+000
