"           TIME(S)","              HEAT","            FLOW_G","            FLOW_L","      FLOW_G_WATER","        FLOW_G_AIR","      FLOW_L_WATER","        FLOW_L_AIR"
  0.31535160000E+008,  0.24841467575E+000, -0.67814239621E-009,  0.00000000000E+000, -0.35602475801E-011, -0.00000000000E+000,  0.00000000000E+000,  0.00000000000E+000
  0.31535280000E+008,  0.24840699650E+000, -0.67426370421E-009,  0.00000000000E+000, -0.35398844471E-011, -0.00000000000E+000,  0.00000000000E+000,  0.00000000000E+000
  0.31535520000E+008,  0.24839163538E+000, -0.66661809298E-009,  0.00000000000E+000, -0.34997449881E-011, -0.00000000000E+000,  0.00000000000E+000,  0.00000000000E+000
  0.31535700000E+008,  0.24838012181E+000, -0.66085798186E-009,  0.00000000000E+000, -0.34695044048E-011, -0.00000000000E+000,  0.00000000000E+000,  0.00000000000E+000
