"           TIME(S)","              HEAT","            FLOW_G","            FLOW_L","      FLOW_G_WATER","        FLOW_G_AIR","      FLOW_L_WATER","        FLOW_L_AIR"
  0.31535160000E+008,  0.14964075283E+000,  0.16175993309E-008,  0.00000000000E+000,  0.90020962011E-011,  0.26112689333E-013,  0.00000000000E+000,  0.00000000000E+000
  0.31535280000E+008,  0.14963530816E+000,  0.16220158107E-008,  0.00000000000E+000,  0.90266621620E-011,  0.26183984297E-013,  0.00000000000E+000,  0.00000000000E+000
  0.31535520000E+008,  0.14962434652E+000,  0.16300560034E-008,  0.00000000000E+000,  0.90713820898E-011,  0.26313776699E-013,  0.00000000000E+000,  0.00000000000E+000
  0.31535700000E+008,  0.14961608918E+000,  0.16356847415E-008,  0.00000000000E+000,  0.91026880320E-011,  0.26404641154E-013,  0.00000000000E+000,  0.00000000000E+000
