"           TIME(S)","              HEAT","            FLOW_G","            FLOW_L","      FLOW_G_WATER","        FLOW_G_AIR","      FLOW_L_WATER","        FLOW_L_AIR"
  0.31535160000E+008,  0.17239392186E+002,  0.24404357508E-006,  0.00000000000E+000,  0.13686072303E-008,  0.39392938966E-011,  0.00000000000E+000,  0.00000000000E+000
  0.31535280000E+008,  0.17238831254E+002,  0.24439857200E-006,  0.00000000000E+000,  0.13705960801E-008,  0.39450242259E-011,  0.00000000000E+000,  0.00000000000E+000
  0.31535520000E+008,  0.17237708081E+002,  0.24508697105E-006,  0.00000000000E+000,  0.13744526611E-008,  0.39561363065E-011,  0.00000000000E+000,  0.00000000000E+000
  0.31535700000E+008,  0.17236866039E+002,  0.24560208625E-006,  0.00000000000E+000,  0.13773384433E-008,  0.39644512541E-011,  0.00000000000E+000,  0.00000000000E+000
