"           TIME(S)","              HEAT","            FLOW_G","            FLOW_L","      FLOW_G_WATER","        FLOW_G_AIR","      FLOW_L_WATER","        FLOW_L_AIR"
  0.31535160000E+008,  0.55926472435E+000,  0.22072411455E-007,  0.00000000000E+000,  0.12396212057E-009,  0.35628350747E-012,  0.00000000000E+000,  0.00000000000E+000
  0.31535280000E+008,  0.55924875221E+000,  0.22093069524E-007,  0.00000000000E+000,  0.12407796527E-009,  0.35661696590E-012,  0.00000000000E+000,  0.00000000000E+000
  0.31535520000E+008,  0.55921575148E+000,  0.22123345179E-007,  0.00000000000E+000,  0.12424764912E-009,  0.35710567186E-012,  0.00000000000E+000,  0.00000000000E+000
  0.31535700000E+008,  0.55919097495E+000,  0.22145649601E-007,  0.00000000000E+000,  0.12437265204E-009,  0.35746570728E-012,  0.00000000000E+000,  0.00000000000E+000
