"           TIME(S)","              HEAT","            FLOW_G","            FLOW_L","      FLOW_G_WATER","        FLOW_G_AIR","      FLOW_L_WATER","        FLOW_L_AIR"
  0.31535160000E+008,  0.40328589291E-001,  0.43575484277E-009,  0.00000000000E+000,  0.24241783794E-011,  0.70343482072E-014,  0.00000000000E+000,  0.00000000000E+000
  0.31535280000E+008,  0.40327095037E-001,  0.43695184497E-009,  0.00000000000E+000,  0.24308342042E-011,  0.70536713851E-014,  0.00000000000E+000,  0.00000000000E+000
  0.31535520000E+008,  0.40324089087E-001,  0.43914609018E-009,  0.00000000000E+000,  0.24430345138E-011,  0.70890930485E-014,  0.00000000000E+000,  0.00000000000E+000
  0.31535700000E+008,  0.40321825912E-001,  0.44068970144E-009,  0.00000000000E+000,  0.24516168611E-011,  0.71140115482E-014,  0.00000000000E+000,  0.00000000000E+000
