"           TIME(S)","              HEAT","            FLOW_G","            FLOW_L","      FLOW_G_WATER","        FLOW_G_AIR","      FLOW_L_WATER","        FLOW_L_AIR"
  0.31535160000E+008,  0.34494191691E-002,  0.57883989783E-011,  0.00000000000E+000,  0.32164304757E-013,  0.00000000000E+000,  0.00000000000E+000,  0.00000000000E+000
  0.31535280000E+008,  0.34492818744E-002,  0.57883703908E-011,  0.00000000000E+000,  0.32164102538E-013,  0.00000000000E+000,  0.00000000000E+000,  0.00000000000E+000
  0.31535520000E+008,  0.34490072923E-002,  0.57883149440E-011,  0.00000000000E+000,  0.32163707697E-013,  0.00000000000E+000,  0.00000000000E+000,  0.00000000000E+000
  0.31535700000E+008,  0.34488013746E-002,  0.57882742539E-011,  0.00000000000E+000,  0.32163416542E-013,  0.00000000000E+000,  0.00000000000E+000,  0.00000000000E+000
