"           TIME(S)","              HEAT","            FLOW_G","            FLOW_L","      FLOW_G_WATER","        FLOW_G_AIR","      FLOW_L_WATER","        FLOW_L_AIR"
  0.31535160000E+008, -0.20016166058E+000,  0.29270700329E-007,  0.00000000000E+000,  0.30482378726E-009,  0.46885904776E-012,  0.00000000000E+000,  0.00000000000E+000
  0.31535280000E+008, -0.20016284391E+000,  0.29272745850E-007,  0.00000000000E+000,  0.30484506217E-009,  0.46889181491E-012,  0.00000000000E+000,  0.00000000000E+000
  0.31535520000E+008, -0.20016523636E+000,  0.29276612279E-007,  0.00000000000E+000,  0.30488527299E-009,  0.46895375121E-012,  0.00000000000E+000,  0.00000000000E+000
  0.31535700000E+008, -0.20016704179E+000,  0.29279414713E-007,  0.00000000000E+000,  0.30491441695E-009,  0.46899864339E-012,  0.00000000000E+000,  0.00000000000E+000
