"           TIME(S)","              PRES","              TEMP","             SAT_G","             SAT_L"
  0.99600000000E+004,  0.79387315776E+006,  0.11965027421E+002,  0.00000000000E+000,  0.10000000000E+001
  0.10080000000E+005,  0.79391600278E+006,  0.11969071674E+002,  0.00000000000E+000,  0.10000000000E+001
  0.10320000000E+005,  0.79400130234E+006,  0.11977119631E+002,  0.00000000000E+000,  0.10000000000E+001
  0.10500000000E+005,  0.79406509006E+006,  0.11983132165E+002,  0.00000000000E+000,  0.10000000000E+001
