"           TIME(S)","              PRES","              TEMP","             SAT_G","             SAT_L"
  0.71946000000E+005,  0.28196000818E+006,  0.91905257216E+001,  0.61394685878E-001,  0.93860531412E+000
  0.71958000000E+005,  0.28196000825E+006,  0.91904963341E+001,  0.61394678862E-001,  0.93860532114E+000
  0.71982000000E+005,  0.28196000230E+006,  0.91904367052E+001,  0.61394666233E-001,  0.93860533377E+000
  0.72000000000E+005,  0.28195999690E+006,  0.91903914897E+001,  0.61394656888E-001,  0.93860534311E+000
