"           TIME(S)","              PRES","              TEMP","             SAT_G","             SAT_L"
  0.31535160000E+008,  0.10093143458E+006,  0.59027026577E+001,  0.50042542249E+000,  0.49957457751E+000
  0.31535280000E+008,  0.10093462588E+006,  0.59080144033E+001,  0.50042539248E+000,  0.49957460752E+000
  0.31535520000E+008,  0.10094079210E+006,  0.59182716048E+001,  0.50042533371E+000,  0.49957466629E+000
  0.31535700000E+008,  0.10094529863E+006,  0.59257686692E+001,  0.50042529022E+000,  0.49957470978E+000
