"           TIME(S)","              PRES","              TEMP","             SAT_G","             SAT_L"
  0.31535160000E+008,  0.10083519089E+006,  0.10750356954E+002,  0.50025830550E+000,  0.49974169450E+000
  0.31535280000E+008,  0.10083942960E+006,  0.10756949869E+002,  0.50025803179E+000,  0.49974196821E+000
  0.31535520000E+008,  0.10084755867E+006,  0.10769648747E+002,  0.50025750362E+000,  0.49974249638E+000
  0.31535700000E+008,  0.10085346604E+006,  0.10778913632E+002,  0.50025711719E+000,  0.49974288281E+000
