"           TIME(S)","              PRES","              TEMP","             SAT_G","             SAT_L"
  0.99600000000E+004,  0.29829346078E+006,  0.10397502447E+002,  0.00000000000E+000,  0.10000000000E+001
  0.10080000000E+005,  0.29829344805E+006,  0.10397502478E+002,  0.00000000000E+000,  0.10000000000E+001
  0.10320000000E+005,  0.29829342376E+006,  0.10397502539E+002,  0.00000000000E+000,  0.10000000000E+001
  0.10500000000E+005,  0.29829340614E+006,  0.10397502585E+002,  0.00000000000E+000,  0.10000000000E+001
