"           TIME(S)","              PRES","              TEMP","             SAT_G","             SAT_L"
  0.99600000000E+004,  0.31298823577E+006,  0.10397503105E+002,  0.00000000000E+000,  0.10000000000E+001
  0.10080000000E+005,  0.31298823201E+006,  0.10397503142E+002,  0.00000000000E+000,  0.10000000000E+001
  0.10320000000E+005,  0.31298822461E+006,  0.10397503214E+002,  0.00000000000E+000,  0.10000000000E+001
  0.10500000000E+005,  0.31298821910E+006,  0.10397503268E+002,  0.00000000000E+000,  0.10000000000E+001
