"           TIME(S)","              PRES","              TEMP","             SAT_G","             SAT_L"
  0.31535160000E+008,  0.10093639635E+006,  0.59696534776E+001,  0.50042037485E+000,  0.49957962515E+000
  0.31535280000E+008,  0.10093951318E+006,  0.59748499408E+001,  0.50042034262E+000,  0.49957965738E+000
  0.31535520000E+008,  0.10094553393E+006,  0.59848691291E+001,  0.50042028023E+000,  0.49957971977E+000
  0.31535700000E+008,  0.10094993418E+006,  0.59921891773E+001,  0.50042023383E+000,  0.49957976617E+000
