"           TIME(S)","              PRES","              TEMP","             SAT_G","             SAT_L"
  0.99600000000E+004,  0.31189086950E+006,  0.11111645710E+002,  0.00000000000E+000,  0.10000000000E+001
  0.10080000000E+005,  0.31192169047E+006,  0.11114927903E+002,  0.00000000000E+000,  0.10000000000E+001
  0.10320000000E+005,  0.31198302223E+006,  0.11121456401E+002,  0.00000000000E+000,  0.10000000000E+001
  0.10500000000E+005,  0.31202886843E+006,  0.11126332119E+002,  0.00000000000E+000,  0.10000000000E+001
