"           TIME(S)","              PRES","              TEMP","             SAT_G","             SAT_L"
  0.31535160000E+008,  0.10101609597E+006,  0.56188556033E+001,  0.50013464637E+000,  0.49986535363E+000
  0.31535280000E+008,  0.10102053792E+006,  0.56263775890E+001,  0.50013462029E+000,  0.49986537971E+000
  0.31535520000E+008,  0.10102912653E+006,  0.56408381293E+001,  0.50013456894E+000,  0.49986543106E+000
  0.31535700000E+008,  0.10103540797E+006,  0.56513905368E+001,  0.50013453099E+000,  0.49986546901E+000
