"           TIME(S)","              PRES","              TEMP","             SAT_G","             SAT_L"
  0.99600000000E+004,  0.10134343806E+006,  0.99999935705E+001,  0.89953899400E+000,  0.10046100600E+000
  0.10080000000E+005,  0.10134343811E+006,  0.99999933350E+001,  0.89953899401E+000,  0.10046100599E+000
  0.10320000000E+005,  0.10134343821E+006,  0.99999928410E+001,  0.89953899402E+000,  0.10046100598E+000
  0.10500000000E+005,  0.10134343829E+006,  0.99999924575E+001,  0.89953899403E+000,  0.10046100597E+000
