"           TIME(S)","              PRES","              TEMP","             SAT_G","             SAT_L"
  0.71946000000E+005,  0.10139744618E+006,  0.88657852303E+001,  0.88820362099E+000,  0.11179637901E+000
  0.71958000000E+005,  0.10139744651E+006,  0.88657577904E+001,  0.88820362118E+000,  0.11179637882E+000
  0.71982000000E+005,  0.10139744610E+006,  0.88657029670E+001,  0.88820362155E+000,  0.11179637845E+000
  0.72000000000E+005,  0.10139744575E+006,  0.88656618890E+001,  0.88820362182E+000,  0.11179637818E+000
