"           TIME(S)","              PRES","              TEMP","             SAT_G","             SAT_L"
  0.99600000000E+004,  0.10213554207E+006,  0.11793661352E+002,  0.89952375024E+000,  0.10047624976E+000
  0.10080000000E+005,  0.10212551078E+006,  0.11771066241E+002,  0.89952396997E+000,  0.10047603003E+000
  0.10320000000E+005,  0.10210559666E+006,  0.11726200668E+002,  0.89952440494E+000,  0.10047559506E+000
  0.10500000000E+005,  0.10209074897E+006,  0.11692732643E+002,  0.89952472740E+000,  0.10047527260E+000
