"           TIME(S)","              PRES","              TEMP","             SAT_G","             SAT_L"
  0.71946000000E+005,  0.10133160586E+006,  0.99996737736E+001,  0.89662647250E+000,  0.10337352750E+000
  0.71958000000E+005,  0.10133160553E+006,  0.99996736403E+001,  0.89662647250E+000,  0.10337352750E+000
  0.71982000000E+005,  0.10133160550E+006,  0.99996733896E+001,  0.89662647251E+000,  0.10337352749E+000
  0.72000000000E+005,  0.10133160553E+006,  0.99996732091E+001,  0.89662647252E+000,  0.10337352748E+000
