"           TIME(S)","              PRES","              TEMP","             SAT_G","             SAT_L"
  0.99600000000E+004,  0.77597360253E+006,  0.10885004347E+002,  0.00000000000E+000,  0.10000000000E+001
  0.10080000000E+005,  0.77597360329E+006,  0.10885004397E+002,  0.00000000000E+000,  0.10000000000E+001
  0.10320000000E+005,  0.77597360481E+006,  0.10885004499E+002,  0.00000000000E+000,  0.10000000000E+001
  0.10500000000E+005,  0.77597360595E+006,  0.10885004574E+002,  0.00000000000E+000,  0.10000000000E+001
