"           TIME(S)","              PRES","              TEMP","             SAT_G","             SAT_L"
  0.99600000000E+004,  0.79068333875E+006,  0.10885004041E+002,  0.00000000000E+000,  0.10000000000E+001
  0.10080000000E+005,  0.79068333847E+006,  0.10885004087E+002,  0.00000000000E+000,  0.10000000000E+001
  0.10320000000E+005,  0.79068333789E+006,  0.10885004178E+002,  0.00000000000E+000,  0.10000000000E+001
  0.10500000000E+005,  0.79068333746E+006,  0.10885004246E+002,  0.00000000000E+000,  0.10000000000E+001
