"           TIME(S)","              PRES","              TEMP","             SAT_G","             SAT_L"
  0.31535160000E+008,  0.10101354685E+006,  0.55656631565E+001,  0.50013421865E+000,  0.49986578135E+000
  0.31535280000E+008,  0.10101876644E+006,  0.55747196146E+001,  0.50013418971E+000,  0.49986581029E+000
  0.31535520000E+008,  0.10102884858E+006,  0.55920384183E+001,  0.50013413419E+000,  0.49986586581E+000
  0.31535700000E+008,  0.10103621923E+006,  0.56046384864E+001,  0.50013409243E+000,  0.49986590757E+000
