"           TIME(S)","              HEAT","            FLOW_G","            FLOW_L","      FLOW_G_WATER","        FLOW_G_AIR","      FLOW_L_WATER","        FLOW_L_AIR"
  0.31535160000E+008,  0.30916549505E-001, -0.29861967148E-009,  0.00000000000E+000, -0.15677532753E-011, -0.00000000000E+000,  0.00000000000E+000,  0.00000000000E+000
  0.31535280000E+008,  0.30915532970E-001, -0.29853650072E-009,  0.00000000000E+000, -0.15673166288E-011, -0.00000000000E+000,  0.00000000000E+000,  0.00000000000E+000
  0.31535520000E+008,  0.30913500638E-001, -0.29837775129E-009,  0.00000000000E+000, -0.15664831943E-011, -0.00000000000E+000,  0.00000000000E+000,  0.00000000000E+000
  0.31535700000E+008,  0.30911976831E-001, -0.29826234266E-009,  0.00000000000E+000, -0.15658772990E-011, -0.00000000000E+000,  0.00000000000E+000,  0.00000000000E+000
