"           TIME(S)","              HEAT","            FLOW_G","            FLOW_L","      FLOW_G_WATER","        FLOW_G_AIR","      FLOW_L_WATER","        FLOW_L_AIR"
  0.31535160000E+008,  0.43014849350E-002,  0.83197203982E-012,  0.00000000000E+000,  0.46665652268E-014,  0.00000000000E+000,  0.00000000000E+000,  0.00000000000E+000
  0.31535280000E+008,  0.43013432524E-002,  0.83194153087E-012,  0.00000000000E+000,  0.46663876142E-014,  0.00000000000E+000,  0.00000000000E+000,  0.00000000000E+000
  0.31535520000E+008,  0.43010599067E-002,  0.83188308797E-012,  0.00000000000E+000,  0.46660468323E-014,  0.00000000000E+000,  0.00000000000E+000,  0.00000000000E+000
  0.31535700000E+008,  0.43008474098E-002,  0.83184057124E-012,  0.00000000000E+000,  0.46657986247E-014,  0.00000000000E+000,  0.00000000000E+000,  0.00000000000E+000
