"           TIME(S)","              HEAT","            FLOW_G","            FLOW_L","      FLOW_G_WATER","        FLOW_G_AIR","      FLOW_L_WATER","        FLOW_L_AIR"
  0.31535160000E+008,  0.39853287481E-001, -0.38491332450E-009,  0.00000000000E+000, -0.20207949536E-011, -0.00000000000E+000,  0.00000000000E+000,  0.00000000000E+000
  0.31535280000E+008,  0.39851978283E-001, -0.38480621838E-009,  0.00000000000E+000, -0.20202326465E-011, -0.00000000000E+000,  0.00000000000E+000,  0.00000000000E+000
  0.31535520000E+008,  0.39849360641E-001, -0.38460179515E-009,  0.00000000000E+000, -0.20191594246E-011, -0.00000000000E+000,  0.00000000000E+000,  0.00000000000E+000
  0.31535700000E+008,  0.39847397954E-001, -0.38445317810E-009,  0.00000000000E+000, -0.20183791850E-011, -0.00000000000E+000,  0.00000000000E+000,  0.00000000000E+000
