"           TIME(S)","              HEAT","            FLOW_G","            FLOW_L","      FLOW_G_WATER","        FLOW_G_AIR","      FLOW_L_WATER","        FLOW_L_AIR"
  0.31535160000E+008,  0.14651938674E+000, -0.14051301291E-008,  0.00000000000E+000, -0.73769331780E-011, -0.00000000000E+000,  0.00000000000E+000,  0.00000000000E+000
  0.31535280000E+008,  0.14651463530E+000, -0.14047431311E-008,  0.00000000000E+000, -0.73749014383E-011, -0.00000000000E+000,  0.00000000000E+000,  0.00000000000E+000
  0.31535520000E+008,  0.14650513341E+000, -0.14040052087E-008,  0.00000000000E+000, -0.73710273455E-011, -0.00000000000E+000,  0.00000000000E+000,  0.00000000000E+000
  0.31535700000E+008,  0.14649800793E+000, -0.14034685013E-008,  0.00000000000E+000, -0.73682096320E-011, -0.00000000000E+000,  0.00000000000E+000,  0.00000000000E+000
