"           TIME(S)","              HEAT","            FLOW_G","            FLOW_L","      FLOW_G_WATER","        FLOW_G_AIR","      FLOW_L_WATER","        FLOW_L_AIR"
  0.31535160000E+008,  0.53540853075E+001, -0.43404002648E-007,  0.00000000000E+000, -0.22787101390E-009, -0.00000000000E+000,  0.00000000000E+000,  0.00000000000E+000
  0.31535280000E+008,  0.53539189693E+001, -0.43394885484E-007,  0.00000000000E+000, -0.22782314879E-009, -0.00000000000E+000,  0.00000000000E+000,  0.00000000000E+000
  0.31535520000E+008,  0.53535864956E+001, -0.43376901948E-007,  0.00000000000E+000, -0.22772873523E-009, -0.00000000000E+000,  0.00000000000E+000,  0.00000000000E+000
  0.31535700000E+008,  0.53533372548E+001, -0.43363560835E-007,  0.00000000000E+000, -0.22765869438E-009, -0.00000000000E+000,  0.00000000000E+000,  0.00000000000E+000
