"           TIME(S)","              HEAT","            FLOW_G","            FLOW_L","      FLOW_G_WATER","        FLOW_G_AIR","      FLOW_L_WATER","        FLOW_L_AIR"
  0.31535160000E+008,  0.12495764502E+002, -0.96106552560E-007,  0.00000000000E+000, -0.50455940094E-009, -0.00000000000E+000,  0.00000000000E+000,  0.00000000000E+000
  0.31535280000E+008,  0.12495400195E+002, -0.96088878667E-007,  0.00000000000E+000, -0.50446661300E-009, -0.00000000000E+000,  0.00000000000E+000,  0.00000000000E+000
  0.31535520000E+008,  0.12494672081E+002, -0.96053212791E-007,  0.00000000000E+000, -0.50427936716E-009, -0.00000000000E+000,  0.00000000000E+000,  0.00000000000E+000
  0.31535700000E+008,  0.12494126268E+002, -0.96026408320E-007,  0.00000000000E+000, -0.50413864368E-009, -0.00000000000E+000,  0.00000000000E+000,  0.00000000000E+000
