"           TIME(S)","              HEAT","            FLOW_G","            FLOW_L","      FLOW_G_WATER","        FLOW_G_AIR","      FLOW_L_WATER","        FLOW_L_AIR"
  0.31535160000E+008,  0.86586382767E-001, -0.83410590670E-009,  0.00000000000E+000, -0.43790560102E-011, -0.00000000000E+000,  0.00000000000E+000,  0.00000000000E+000
  0.31535280000E+008,  0.86583554430E-001, -0.83387489107E-009,  0.00000000000E+000, -0.43778431781E-011, -0.00000000000E+000,  0.00000000000E+000,  0.00000000000E+000
  0.31535520000E+008,  0.86577898778E-001, -0.83343413187E-009,  0.00000000000E+000, -0.43755291923E-011, -0.00000000000E+000,  0.00000000000E+000,  0.00000000000E+000
  0.31535700000E+008,  0.86573657782E-001, -0.83311363940E-009,  0.00000000000E+000, -0.43738466069E-011, -0.00000000000E+000,  0.00000000000E+000,  0.00000000000E+000
