"           TIME(S)","              HEAT","            FLOW_G","            FLOW_L","      FLOW_G_WATER","        FLOW_G_AIR","      FLOW_L_WATER","        FLOW_L_AIR"
  0.31535160000E+008,  0.51513007316E-001, -0.49730042388E-009,  0.00000000000E+000, -0.26108272254E-011, -0.00000000000E+000,  0.00000000000E+000,  0.00000000000E+000
  0.31535280000E+008,  0.51511317292E-001, -0.49716220947E-009,  0.00000000000E+000, -0.26101015997E-011, -0.00000000000E+000,  0.00000000000E+000,  0.00000000000E+000
  0.31535520000E+008,  0.51507938147E-001, -0.49689843456E-009,  0.00000000000E+000, -0.26087167815E-011, -0.00000000000E+000,  0.00000000000E+000,  0.00000000000E+000
  0.31535700000E+008,  0.51505404324E-001, -0.49670666086E-009,  0.00000000000E+000, -0.26077099695E-011, -0.00000000000E+000,  0.00000000000E+000,  0.00000000000E+000
