"           TIME(S)","              HEAT","            FLOW_G","            FLOW_L","      FLOW_G_WATER","        FLOW_G_AIR","      FLOW_L_WATER","        FLOW_L_AIR"
  0.31535160000E+008,  0.24016805819E-001, -0.23189009564E-009,  0.00000000000E+000, -0.12174230021E-011, -0.00000000000E+000,  0.00000000000E+000,  0.00000000000E+000
  0.31535280000E+008,  0.24016015697E-001, -0.23182546428E-009,  0.00000000000E+000, -0.12170836874E-011, -0.00000000000E+000,  0.00000000000E+000,  0.00000000000E+000
  0.31535520000E+008,  0.24014436073E-001, -0.23170209616E-009,  0.00000000000E+000, -0.12164360048E-011, -0.00000000000E+000,  0.00000000000E+000,  0.00000000000E+000
  0.31535700000E+008,  0.24013251779E-001, -0.23161241071E-009,  0.00000000000E+000, -0.12159651562E-011, -0.00000000000E+000,  0.00000000000E+000,  0.00000000000E+000
