"           TIME(S)","              HEAT","            FLOW_G","            FLOW_L","      FLOW_G_WATER","        FLOW_G_AIR","      FLOW_L_WATER","        FLOW_L_AIR"
  0.31535160000E+008,  0.14587483755E-001, -0.14089922021E-009,  0.00000000000E+000, -0.73972090612E-012, -0.00000000000E+000,  0.00000000000E+000,  0.00000000000E+000
  0.31535280000E+008,  0.14587003662E-001, -0.14085991126E-009,  0.00000000000E+000, -0.73951453409E-012, -0.00000000000E+000,  0.00000000000E+000,  0.00000000000E+000
  0.31535520000E+008,  0.14586043881E-001, -0.14078487524E-009,  0.00000000000E+000, -0.73912059499E-012, -0.00000000000E+000,  0.00000000000E+000,  0.00000000000E+000
  0.31535700000E+008,  0.14585324284E-001, -0.14073032689E-009,  0.00000000000E+000, -0.73883421617E-012, -0.00000000000E+000,  0.00000000000E+000,  0.00000000000E+000
