"           TIME(S)","              HEAT","            FLOW_G","            FLOW_L","      FLOW_G_WATER","        FLOW_G_AIR","      FLOW_L_WATER","        FLOW_L_AIR"
  0.31535160000E+008,  0.19111788813E+000, -0.18264719610E-008,  0.00000000000E+000, -0.95889777955E-011, -0.00000000000E+000,  0.00000000000E+000,  0.00000000000E+000
  0.31535280000E+008,  0.19111171796E+000, -0.18259708790E-008,  0.00000000000E+000, -0.95863471146E-011, -0.00000000000E+000,  0.00000000000E+000,  0.00000000000E+000
  0.31535520000E+008,  0.19109937946E+000, -0.18250159047E-008,  0.00000000000E+000, -0.95813334999E-011, -0.00000000000E+000,  0.00000000000E+000,  0.00000000000E+000
  0.31535700000E+008,  0.19109012653E+000, -0.18243211977E-008,  0.00000000000E+000, -0.95776862878E-011, -0.00000000000E+000,  0.00000000000E+000,  0.00000000000E+000
