"           TIME(S)","              HEAT","            FLOW_G","            FLOW_L","      FLOW_G_WATER","        FLOW_G_AIR","      FLOW_L_WATER","        FLOW_L_AIR"
  0.31535160000E+008,  0.97919516574E+000, -0.88945296603E-008,  0.00000000000E+000, -0.46696280717E-010, -0.00000000000E+000,  0.00000000000E+000,  0.00000000000E+000
  0.31535280000E+008,  0.97916379302E+000, -0.88922378699E-008,  0.00000000000E+000, -0.46684248817E-010, -0.00000000000E+000,  0.00000000000E+000,  0.00000000000E+000
  0.31535520000E+008,  0.97910107581E+000, -0.88878674108E-008,  0.00000000000E+000, -0.46661303906E-010, -0.00000000000E+000,  0.00000000000E+000,  0.00000000000E+000
  0.31535700000E+008,  0.97905405645E+000, -0.88846763301E-008,  0.00000000000E+000, -0.46644550733E-010, -0.00000000000E+000,  0.00000000000E+000,  0.00000000000E+000
