"           TIME(S)","              HEAT","            FLOW_G","            FLOW_L","      FLOW_G_WATER","        FLOW_G_AIR","      FLOW_L_WATER","        FLOW_L_AIR"
  0.31535160000E+008,  0.22772630749E+001, -0.19648101359E-007,  0.00000000000E+000, -0.10315253213E-009, -0.00000000000E+000,  0.00000000000E+000,  0.00000000000E+000
  0.31535280000E+008,  0.22771896148E+001, -0.19643442594E-007,  0.00000000000E+000, -0.10312807362E-009, -0.00000000000E+000,  0.00000000000E+000,  0.00000000000E+000
  0.31535520000E+008,  0.22770427754E+001, -0.19634439198E-007,  0.00000000000E+000, -0.10308080579E-009, -0.00000000000E+000,  0.00000000000E+000,  0.00000000000E+000
  0.31535700000E+008,  0.22769326950E+001, -0.19627826978E-007,  0.00000000000E+000, -0.10304609163E-009, -0.00000000000E+000,  0.00000000000E+000,  0.00000000000E+000
