"           TIME(S)","              HEAT","            FLOW_G","            FLOW_L","      FLOW_G_WATER","        FLOW_G_AIR","      FLOW_L_WATER","        FLOW_L_AIR"
  0.31535160000E+008,  0.32691436588E+000, -0.30919992489E-008,  0.00000000000E+000, -0.16232996057E-010, -0.00000000000E+000,  0.00000000000E+000,  0.00000000000E+000
  0.31535280000E+008,  0.32690390203E+000, -0.30911598245E-008,  0.00000000000E+000, -0.16228589079E-010, -0.00000000000E+000,  0.00000000000E+000,  0.00000000000E+000
  0.31535520000E+008,  0.32688297883E+000, -0.30895632377E-008,  0.00000000000E+000, -0.16220206998E-010, -0.00000000000E+000,  0.00000000000E+000,  0.00000000000E+000
  0.31535700000E+008,  0.32686728938E+000, -0.30884011483E-008,  0.00000000000E+000, -0.16214106029E-010, -0.00000000000E+000,  0.00000000000E+000,  0.00000000000E+000
