"           TIME(S)","              HEAT","            FLOW_G","            FLOW_L","      FLOW_G_WATER","        FLOW_G_AIR","      FLOW_L_WATER","        FLOW_L_AIR"
  0.31535160000E+008,  0.30269477259E+001, -0.25589650120E-007,  0.00000000000E+000, -0.13434566313E-009, -0.00000000000E+000,  0.00000000000E+000,  0.00000000000E+000
  0.31535280000E+008,  0.30268506854E+001, -0.25583800848E-007,  0.00000000000E+000, -0.13431495445E-009, -0.00000000000E+000,  0.00000000000E+000,  0.00000000000E+000
  0.31535520000E+008,  0.30266567080E+001, -0.25572427224E-007,  0.00000000000E+000, -0.13425524292E-009, -0.00000000000E+000,  0.00000000000E+000,  0.00000000000E+000
  0.31535700000E+008,  0.30265112899E+001, -0.25564050139E-007,  0.00000000000E+000, -0.13421126323E-009, -0.00000000000E+000,  0.00000000000E+000,  0.00000000000E+000
