"           TIME(S)","              HEAT","            FLOW_G","            FLOW_L","      FLOW_G_WATER","        FLOW_G_AIR","      FLOW_L_WATER","        FLOW_L_AIR"
  0.31535160000E+008,  0.24972076445E+000, -0.23756860844E-008,  0.00000000000E+000, -0.12472351943E-010, -0.00000000000E+000,  0.00000000000E+000,  0.00000000000E+000
  0.31535280000E+008,  0.24971273887E+000, -0.23750374509E-008,  0.00000000000E+000, -0.12468946617E-010, -0.00000000000E+000,  0.00000000000E+000,  0.00000000000E+000
  0.31535520000E+008,  0.24969669039E+000, -0.23738022454E-008,  0.00000000000E+000, -0.12462461788E-010, -0.00000000000E+000,  0.00000000000E+000,  0.00000000000E+000
  0.31535700000E+008,  0.24968465615E+000, -0.23729034391E-008,  0.00000000000E+000, -0.12457743055E-010, -0.00000000000E+000,  0.00000000000E+000,  0.00000000000E+000
