"           TIME(S)","              HEAT","            FLOW_G","            FLOW_L","      FLOW_G_WATER","        FLOW_G_AIR","      FLOW_L_WATER","        FLOW_L_AIR"
  0.31535160000E+008,  0.71146760418E+001, -0.56543555346E-007,  0.00000000000E+000, -0.29685366557E-009, -0.00000000000E+000,  0.00000000000E+000,  0.00000000000E+000
  0.31535280000E+008,  0.71144598822E+001, -0.56532210121E-007,  0.00000000000E+000, -0.29679410313E-009, -0.00000000000E+000,  0.00000000000E+000,  0.00000000000E+000
  0.31535520000E+008,  0.71140278491E+001, -0.56509653708E-007,  0.00000000000E+000, -0.29667568197E-009, -0.00000000000E+000,  0.00000000000E+000,  0.00000000000E+000
  0.31535700000E+008,  0.71137039617E+001, -0.56492850873E-007,  0.00000000000E+000, -0.29658746708E-009, -0.00000000000E+000,  0.00000000000E+000,  0.00000000000E+000
