"           TIME(S)","              HEAT","            FLOW_G","            FLOW_L","      FLOW_G_WATER","        FLOW_G_AIR","      FLOW_L_WATER","        FLOW_L_AIR"
  0.31535160000E+008,  0.21702867712E+002, -0.16404799123E-006,  0.00000000000E+000, -0.86125195394E-009, -0.00000000000E+000,  0.00000000000E+000,  0.00000000000E+000
  0.31535280000E+008,  0.21702247522E+002, -0.16401937137E-006,  0.00000000000E+000, -0.86110169967E-009, -0.00000000000E+000,  0.00000000000E+000,  0.00000000000E+000
  0.31535520000E+008,  0.21701008067E+002, -0.16396113008E-006,  0.00000000000E+000, -0.86079593291E-009, -0.00000000000E+000,  0.00000000000E+000,  0.00000000000E+000
  0.31535700000E+008,  0.21700078945E+002, -0.16391712809E-006,  0.00000000000E+000, -0.86056492249E-009, -0.00000000000E+000,  0.00000000000E+000,  0.00000000000E+000
