"           TIME(S)","              HEAT","            FLOW_G","            FLOW_L","      FLOW_G_WATER","        FLOW_G_AIR","      FLOW_L_WATER","        FLOW_L_AIR"
  0.31535160000E+008,  0.42871490721E+000, -0.40252010250E-008,  0.00000000000E+000, -0.21132305381E-010, -0.00000000000E+000,  0.00000000000E+000,  0.00000000000E+000
  0.31535280000E+008,  0.42870122458E+000, -0.40241164754E-008,  0.00000000000E+000, -0.21126611496E-010, -0.00000000000E+000,  0.00000000000E+000,  0.00000000000E+000
  0.31535520000E+008,  0.42867386572E+000, -0.40220559790E-008,  0.00000000000E+000, -0.21115793890E-010, -0.00000000000E+000,  0.00000000000E+000,  0.00000000000E+000
  0.31535700000E+008,  0.42865335112E+000, -0.40205556248E-008,  0.00000000000E+000, -0.21107917030E-010, -0.00000000000E+000,  0.00000000000E+000,  0.00000000000E+000
