"           TIME(S)","              HEAT","            FLOW_G","            FLOW_L","      FLOW_G_WATER","        FLOW_G_AIR","      FLOW_L_WATER","        FLOW_L_AIR"
  0.31535160000E+008,  0.12948497086E+001, -0.11584583940E-007,  0.00000000000E+000, -0.60819065687E-010, -0.00000000000E+000,  0.00000000000E+000,  0.00000000000E+000
  0.31535280000E+008,  0.12948080472E+001, -0.11581667012E-007,  0.00000000000E+000, -0.60803751814E-010, -0.00000000000E+000,  0.00000000000E+000,  0.00000000000E+000
  0.31535520000E+008,  0.12947247644E+001, -0.11576085776E-007,  0.00000000000E+000, -0.60774450326E-010, -0.00000000000E+000,  0.00000000000E+000,  0.00000000000E+000
  0.31535700000E+008,  0.12946623259E+001, -0.11572004541E-007,  0.00000000000E+000, -0.60753023839E-010, -0.00000000000E+000,  0.00000000000E+000,  0.00000000000E+000
