"           TIME(S)","              PRES","              TEMP","             SAT_G","             SAT_L"
  0.31535160000E+008,  0.10090512699E+006,  0.59946013878E+001,  0.50042061598E+000,  0.49957938402E+000
  0.31535280000E+008,  0.10090839804E+006,  0.59997147001E+001,  0.50042058562E+000,  0.49957941438E+000
  0.31535520000E+008,  0.10091472364E+006,  0.60095784723E+001,  0.50042052676E+000,  0.49957947324E+000
  0.31535700000E+008,  0.10091934966E+006,  0.60167818183E+001,  0.50042048330E+000,  0.49957951670E+000
