"           TIME(S)","              HEAT","            FLOW_G","            FLOW_L","      FLOW_G_WATER","        FLOW_G_AIR","      FLOW_L_WATER","        FLOW_L_AIR"
  0.59400000000E+004,  0.17960277428E+002,  0.00000000000E+000,  0.41075226573E-003,  0.00000000000E+000,  0.00000000000E+000,  0.12676609139E-005,  0.16693235944E-007
  0.61200000000E+004,  0.17960543853E+002,  0.00000000000E+000,  0.41075835929E-003,  0.00000000000E+000,  0.00000000000E+000,  0.12676804205E-005,  0.16693474360E-007
  0.64800000000E+004,  0.17961007379E+002,  0.00000000000E+000,  0.41076896068E-003,  0.00000000000E+000,  0.00000000000E+000,  0.12677144009E-005,  0.16693888583E-007
  0.67500000000E+004,  0.17961320459E+002,  0.00000000000E+000,  0.41077612110E-003,  0.00000000000E+000,  0.00000000000E+000,  0.12677373763E-005,  0.16694168041E-007
