"           TIME(S)","              PRES","              TEMP","             SAT_G","             SAT_L"
  0.59400000000E+004,  0.10240446428E+006,  0.12397933312E+002,  0.89951648274E+000,  0.10048351726E+000
  0.61200000000E+004,  0.10240357547E+006,  0.12395834618E+002,  0.89951650625E+000,  0.10048349375E+000
  0.64800000000E+004,  0.10240185826E+006,  0.12391773240E+002,  0.89951655176E+000,  0.10048344824E+000
  0.67500000000E+004,  0.10240060387E+006,  0.12388802582E+002,  0.89951658506E+000,  0.10048341494E+000
