"           TIME(S)","              PRES","              TEMP","             SAT_G","             SAT_L"
  0.59400000000E+004,  0.31298883454E+006,  0.10397501957E+002,  0.00000000000E+000,  0.10000000000E+001
  0.61200000000E+004,  0.31298883269E+006,  0.10397502013E+002,  0.00000000000E+000,  0.10000000000E+001
  0.64800000000E+004,  0.31298882735E+006,  0.10397502125E+002,  0.00000000000E+000,  0.10000000000E+001
  0.67500000000E+004,  0.31298882260E+006,  0.10397502209E+002,  0.00000000000E+000,  0.10000000000E+001
