"           TIME(S)","              HEAT","            FLOW_G","            FLOW_L","      FLOW_G_WATER","        FLOW_G_AIR","      FLOW_L_WATER","        FLOW_L_AIR"
  0.87600000000E+003,  0.24151493508E+000,  0.15837739810E-005,  0.00000000000E+000,  0.16691077196E-007,  0.25377121523E-010,  0.00000000000E+000,  0.00000000000E+000
  0.88800000000E+003,  0.24154463438E+000,  0.15840190641E-005,  0.00000000000E+000,  0.16693658694E-007,  0.25381050888E-010,  0.00000000000E+000,  0.00000000000E+000
  0.91200000000E+003,  0.24160656824E+000,  0.15845304664E-005,  0.00000000000E+000,  0.16699045361E-007,  0.25389249957E-010,  0.00000000000E+000,  0.00000000000E+000
  0.93000000000E+003,  0.24165332421E+000,  0.15849165801E-005,  0.00000000000E+000,  0.16703112345E-007,  0.25395440320E-010,  0.00000000000E+000,  0.00000000000E+000
