"           TIME(S)","              HEAT","            FLOW_G","            FLOW_L","      FLOW_G_WATER","        FLOW_G_AIR","      FLOW_L_WATER","        FLOW_L_AIR"
  0.87600000000E+003,  0.54006789467E+000,  0.35459690338E-005,  0.00000000000E+000,  0.37370102893E-007,  0.56817786528E-010,  0.00000000000E+000,  0.00000000000E+000
  0.88800000000E+003,  0.54013143346E+000,  0.35465083067E-005,  0.00000000000E+000,  0.37375782691E-007,  0.56826433244E-010,  0.00000000000E+000,  0.00000000000E+000
  0.91200000000E+003,  0.54026667939E+000,  0.35476552502E-005,  0.00000000000E+000,  0.37387862693E-007,  0.56844821953E-010,  0.00000000000E+000,  0.00000000000E+000
  0.93000000000E+003,  0.54036913099E+000,  0.35485239738E-005,  0.00000000000E+000,  0.37397012387E-007,  0.56858749851E-010,  0.00000000000E+000,  0.00000000000E+000
