"           TIME(S)","              HEAT","            FLOW_G","            FLOW_L","      FLOW_G_WATER","        FLOW_G_AIR","      FLOW_L_WATER","        FLOW_L_AIR"
  0.87600000000E+003,  0.16276535018E-002,  0.10964322805E-007,  0.00000000000E+000,  0.11554048719E-009,  0.17568415420E-012,  0.00000000000E+000,  0.00000000000E+000
  0.88800000000E+003,  0.16277953030E-002,  0.10966191278E-007,  0.00000000000E+000,  0.11556014652E-009,  0.17571411121E-012,  0.00000000000E+000,  0.00000000000E+000
  0.91200000000E+003,  0.16280530795E-002,  0.10969717731E-007,  0.00000000000E+000,  0.11559724811E-009,  0.17577065048E-012,  0.00000000000E+000,  0.00000000000E+000
  0.93000000000E+003,  0.16282370464E-002,  0.10972286685E-007,  0.00000000000E+000,  0.11562427501E-009,  0.17581183830E-012,  0.00000000000E+000,  0.00000000000E+000
