"           TIME(S)","              HEAT","            FLOW_G","            FLOW_L","      FLOW_G_WATER","        FLOW_G_AIR","      FLOW_L_WATER","        FLOW_L_AIR"
  0.87600000000E+003,  0.17207554508E-001,  0.11068990155E-006,  0.00000000000E+000,  0.11666155826E-008,  0.17736072033E-011,  0.00000000000E+000,  0.00000000000E+000
  0.88800000000E+003,  0.17209207511E-001,  0.11070835791E-006,  0.00000000000E+000,  0.11668098626E-008,  0.17739031082E-011,  0.00000000000E+000,  0.00000000000E+000
  0.91200000000E+003,  0.17212337480E-001,  0.11074380488E-006,  0.00000000000E+000,  0.11671829828E-008,  0.17744714217E-011,  0.00000000000E+000,  0.00000000000E+000
  0.93000000000E+003,  0.17214621778E-001,  0.11076986583E-006,  0.00000000000E+000,  0.11674573001E-008,  0.17748892508E-011,  0.00000000000E+000,  0.00000000000E+000
