"           TIME(S)","              HEAT","            FLOW_G","            FLOW_L","      FLOW_G_WATER","        FLOW_G_AIR","      FLOW_L_WATER","        FLOW_L_AIR"
  0.87600000000E+003,  0.26953534094E-002,  0.18118266993E-007,  0.00000000000E+000,  0.19092907032E-009,  0.29031356389E-012,  0.00000000000E+000,  0.00000000000E+000
  0.88800000000E+003,  0.26955870716E-002,  0.18121360851E-007,  0.00000000000E+000,  0.19096162264E-009,  0.29036316722E-012,  0.00000000000E+000,  0.00000000000E+000
  0.91200000000E+003,  0.26960113955E-002,  0.18127189251E-007,  0.00000000000E+000,  0.19102294293E-009,  0.29045661330E-012,  0.00000000000E+000,  0.00000000000E+000
  0.93000000000E+003,  0.26963148205E-002,  0.18131436778E-007,  0.00000000000E+000,  0.19106762955E-009,  0.29052471348E-012,  0.00000000000E+000,  0.00000000000E+000
