"           TIME(S)","              HEAT","            FLOW_G","            FLOW_L","      FLOW_G_WATER","        FLOW_G_AIR","      FLOW_L_WATER","        FLOW_L_AIR"
  0.87600000000E+003,  0.85860996166E-001,  0.54305490181E-006,  0.00000000000E+000,  0.57238585034E-008,  0.87014594040E-011,  0.00000000000E+000,  0.00000000000E+000
  0.88800000000E+003,  0.85870393659E-001,  0.54313445924E-006,  0.00000000000E+000,  0.57246965411E-008,  0.87027349123E-011,  0.00000000000E+000,  0.00000000000E+000
  0.91200000000E+003,  0.85890627853E-001,  0.54330563302E-006,  0.00000000000E+000,  0.57264996450E-008,  0.87054792565E-011,  0.00000000000E+000,  0.00000000000E+000
  0.93000000000E+003,  0.85905940824E-001,  0.54343516753E-006,  0.00000000000E+000,  0.57278641304E-008,  0.87075560174E-011,  0.00000000000E+000,  0.00000000000E+000
