"           TIME(S)","              HEAT","            FLOW_G","            FLOW_L","      FLOW_G_WATER","        FLOW_G_AIR","      FLOW_L_WATER","        FLOW_L_AIR"
  0.87600000000E+003,  0.22596186052E-001,  0.14403532793E-006,  0.00000000000E+000,  0.15181072814E-008,  0.23079063644E-011,  0.00000000000E+000,  0.00000000000E+000
  0.88800000000E+003,  0.22598427739E-001,  0.14405915437E-006,  0.00000000000E+000,  0.15183581225E-008,  0.23082883687E-011,  0.00000000000E+000,  0.00000000000E+000
  0.91200000000E+003,  0.22602718054E-001,  0.14410519638E-006,  0.00000000000E+000,  0.15188428355E-008,  0.23090265484E-011,  0.00000000000E+000,  0.00000000000E+000
  0.93000000000E+003,  0.22605865784E-001,  0.14413914495E-006,  0.00000000000E+000,  0.15192002294E-008,  0.23095708364E-011,  0.00000000000E+000,  0.00000000000E+000
