"           TIME(S)","              HEAT","            FLOW_G","            FLOW_L","      FLOW_G_WATER","        FLOW_G_AIR","      FLOW_L_WATER","        FLOW_L_AIR"
  0.87600000000E+003,  0.99562011528E-003,  0.67025871633E-008,  0.00000000000E+000,  0.70631064767E-010,  0.10771800524E-012,  0.00000000000E+000,  0.00000000000E+000
  0.88800000000E+003,  0.99570714818E-003,  0.67037291801E-008,  0.00000000000E+000,  0.70643080717E-010,  0.10773637222E-012,  0.00000000000E+000,  0.00000000000E+000
  0.91200000000E+003,  0.99586544272E-003,  0.67058848687E-008,  0.00000000000E+000,  0.70665760795E-010,  0.10777104357E-012,  0.00000000000E+000,  0.00000000000E+000
  0.93000000000E+003,  0.99597841025E-003,  0.67074550678E-008,  0.00000000000E+000,  0.70682280355E-010,  0.10779629870E-012,  0.00000000000E+000,  0.00000000000E+000
