"           TIME(S)","              HEAT","            FLOW_G","            FLOW_L","      FLOW_G_WATER","        FLOW_G_AIR","      FLOW_L_WATER","        FLOW_L_AIR"
  0.87600000000E+003,  0.13112532713E-001,  0.85137599334E-007,  0.00000000000E+000,  0.89727861347E-009,  0.13641782271E-011,  0.00000000000E+000,  0.00000000000E+000
  0.88800000000E+003,  0.13113718028E-001,  0.85151675522E-007,  0.00000000000E+000,  0.89742676343E-009,  0.13644039101E-011,  0.00000000000E+000,  0.00000000000E+000
  0.91200000000E+003,  0.13115986851E-001,  0.85178975362E-007,  0.00000000000E+000,  0.89771408332E-009,  0.13648416032E-011,  0.00000000000E+000,  0.00000000000E+000
  0.93000000000E+003,  0.13117634862E-001,  0.85199001345E-007,  0.00000000000E+000,  0.89792484480E-009,  0.13651626758E-011,  0.00000000000E+000,  0.00000000000E+000
