"           TIME(S)","              HEAT","            FLOW_G","            FLOW_L","      FLOW_G_WATER","        FLOW_G_AIR","      FLOW_L_WATER","        FLOW_L_AIR"
  0.87600000000E+003,  0.12709867373E-002,  0.85612237092E-008,  0.00000000000E+000,  0.90216985856E-010,  0.13717869151E-012,  0.00000000000E+000,  0.00000000000E+000
  0.88800000000E+003,  0.12710957597E-002,  0.85626840961E-008,  0.00000000000E+000,  0.90232351039E-010,  0.13720210569E-012,  0.00000000000E+000,  0.00000000000E+000
  0.91200000000E+003,  0.12712945447E-002,  0.85654372579E-008,  0.00000000000E+000,  0.90261316304E-010,  0.13724624684E-012,  0.00000000000E+000,  0.00000000000E+000
  0.93000000000E+003,  0.12714368422E-002,  0.85674427100E-008,  0.00000000000E+000,  0.90282414516E-010,  0.13727840007E-012,  0.00000000000E+000,  0.00000000000E+000
