"           TIME(S)","              HEAT","            FLOW_G","            FLOW_L","      FLOW_G_WATER","        FLOW_G_AIR","      FLOW_L_WATER","        FLOW_L_AIR"
  0.87600000000E+003,  0.50792438771E-001,  0.31879880158E-006,  0.00000000000E+000,  0.33602653225E-008,  0.51081673990E-011,  0.00000000000E+000,  0.00000000000E+000
  0.88800000000E+003,  0.50797841022E-001,  0.31884781233E-006,  0.00000000000E+000,  0.33607815127E-008,  0.51089531958E-011,  0.00000000000E+000,  0.00000000000E+000
  0.91200000000E+003,  0.50808949530E-001,  0.31894839621E-006,  0.00000000000E+000,  0.33618408854E-008,  0.51105658228E-011,  0.00000000000E+000,  0.00000000000E+000
  0.93000000000E+003,  0.50817284932E-001,  0.31902387706E-006,  0.00000000000E+000,  0.33626358666E-008,  0.51117759762E-011,  0.00000000000E+000,  0.00000000000E+000
