"           TIME(S)","              HEAT","            FLOW_G","            FLOW_L","      FLOW_G_WATER","        FLOW_G_AIR","      FLOW_L_WATER","        FLOW_L_AIR"
  0.87600000000E+003,  0.12108097873E+001,  0.79507594628E-005,  0.00000000000E+000,  0.83791086739E-007,  0.12739666171E-009,  0.00000000000E+000,  0.00000000000E+000
  0.88800000000E+003,  0.12109646754E+001,  0.79520726392E-005,  0.00000000000E+000,  0.83804917570E-007,  0.12741771408E-009,  0.00000000000E+000,  0.00000000000E+000
  0.91200000000E+003,  0.12112721369E+001,  0.79546796020E-005,  0.00000000000E+000,  0.83832374996E-007,  0.12745950965E-009,  0.00000000000E+000,  0.00000000000E+000
  0.93000000000E+003,  0.12115028157E+001,  0.79566355136E-005,  0.00000000000E+000,  0.83852975320E-007,  0.12749086769E-009,  0.00000000000E+000,  0.00000000000E+000
