"           TIME(S)","              HEAT","            FLOW_G","            FLOW_L","      FLOW_G_WATER","        FLOW_G_AIR","      FLOW_L_WATER","        FLOW_L_AIR"
  0.87600000000E+003,  0.76541795506E-002,  0.50541916279E-007,  0.00000000000E+000,  0.53263888677E-009,  0.80984493676E-012,  0.00000000000E+000,  0.00000000000E+000
  0.88800000000E+003,  0.76548856107E-002,  0.50550578479E-007,  0.00000000000E+000,  0.53273004455E-009,  0.80998381620E-012,  0.00000000000E+000,  0.00000000000E+000
  0.91200000000E+003,  0.76561673579E-002,  0.50566821079E-007,  0.00000000000E+000,  0.53290096566E-009,  0.81024423136E-012,  0.00000000000E+000,  0.00000000000E+000
  0.93000000000E+003,  0.76570908612E-002,  0.50578691842E-007,  0.00000000000E+000,  0.53302587866E-009,  0.81043455352E-012,  0.00000000000E+000,  0.00000000000E+000
