"           TIME(S)","              HEAT","            FLOW_G","            FLOW_L","      FLOW_G_WATER","        FLOW_G_AIR","      FLOW_L_WATER","        FLOW_L_AIR"
  0.87600000000E+003,  0.10008620486E-001,  0.65566757346E-007,  0.00000000000E+000,  0.69099748676E-009,  0.10505909712E-011,  0.00000000000E+000,  0.00000000000E+000
  0.88800000000E+003,  0.10009526456E-001,  0.65577804753E-007,  0.00000000000E+000,  0.69111374998E-009,  0.10507680938E-011,  0.00000000000E+000,  0.00000000000E+000
  0.91200000000E+003,  0.10011213687E-001,  0.65598855522E-007,  0.00000000000E+000,  0.69133527959E-009,  0.10511055972E-011,  0.00000000000E+000,  0.00000000000E+000
  0.93000000000E+003,  0.10012433942E-001,  0.65614265698E-007,  0.00000000000E+000,  0.69149744631E-009,  0.10513526657E-011,  0.00000000000E+000,  0.00000000000E+000
