"           TIME(S)","              HEAT","            FLOW_G","            FLOW_L","      FLOW_G_WATER","        FLOW_G_AIR","      FLOW_L_WATER","        FLOW_L_AIR"
  0.87600000000E+003,  0.29662136607E-001,  0.18759139094E-006,  0.00000000000E+000,  0.19772348760E-008,  0.30058117891E-011,  0.00000000000E+000,  0.00000000000E+000
  0.88800000000E+003,  0.29665308398E-001,  0.18762306507E-006,  0.00000000000E+000,  0.19775683902E-008,  0.30063196039E-011,  0.00000000000E+000,  0.00000000000E+000
  0.91200000000E+003,  0.29671229296E-001,  0.18768288630E-006,  0.00000000000E+000,  0.19781982642E-008,  0.30072787001E-011,  0.00000000000E+000,  0.00000000000E+000
  0.93000000000E+003,  0.29675597920E-001,  0.18772715590E-006,  0.00000000000E+000,  0.19786643875E-008,  0.30079884604E-011,  0.00000000000E+000,  0.00000000000E+000
