"           TIME(S)","              HEAT","            FLOW_G","            FLOW_L","      FLOW_G_WATER","        FLOW_G_AIR","      FLOW_L_WATER","        FLOW_L_AIR"
  0.87600000000E+003,  0.31547012869E+000,  0.20711048820E-005,  0.00000000000E+000,  0.21826876194E-007,  0.33185733921E-010,  0.00000000000E+000,  0.00000000000E+000
  0.88800000000E+003,  0.31550995592E+000,  0.20714403238E-005,  0.00000000000E+000,  0.21830409248E-007,  0.33191111758E-010,  0.00000000000E+000,  0.00000000000E+000
  0.91200000000E+003,  0.31559029823E+000,  0.20721169604E-005,  0.00000000000E+000,  0.21837535949E-007,  0.33201959875E-010,  0.00000000000E+000,  0.00000000000E+000
  0.93000000000E+003,  0.31565058434E+000,  0.20726246798E-005,  0.00000000000E+000,  0.21842883522E-007,  0.33210099875E-010,  0.00000000000E+000,  0.00000000000E+000
