"           TIME(S)","              HEAT","            FLOW_G","            FLOW_L","      FLOW_G_WATER","        FLOW_G_AIR","      FLOW_L_WATER","        FLOW_L_AIR"
  0.87600000000E+003,  0.92482598395E+000,  0.60727222827E-005,  0.00000000000E+000,  0.63998922239E-007,  0.97304478011E-010,  0.00000000000E+000,  0.00000000000E+000
  0.88800000000E+003,  0.92493271416E+000,  0.60736283662E-005,  0.00000000000E+000,  0.64008465395E-007,  0.97319006229E-010,  0.00000000000E+000,  0.00000000000E+000
  0.91200000000E+003,  0.92516085695E+000,  0.60755634787E-005,  0.00000000000E+000,  0.64028846646E-007,  0.97350031692E-010,  0.00000000000E+000,  0.00000000000E+000
  0.93000000000E+003,  0.92533501511E+000,  0.60770403604E-005,  0.00000000000E+000,  0.64044401662E-007,  0.97373710029E-010,  0.00000000000E+000,  0.00000000000E+000
