"           TIME(S)","              HEAT","            FLOW_G","            FLOW_L","      FLOW_G_WATER","        FLOW_G_AIR","      FLOW_L_WATER","        FLOW_L_AIR"
  0.87600000000E+003,  0.18602209528E+000,  0.12111064422E-005,  0.00000000000E+000,  0.12763920248E-007,  0.19405785756E-010,  0.00000000000E+000,  0.00000000000E+000
  0.88800000000E+003,  0.18604547323E+000,  0.12112994447E-005,  0.00000000000E+000,  0.12765953220E-007,  0.19408880182E-010,  0.00000000000E+000,  0.00000000000E+000
  0.91200000000E+003,  0.18609288094E+000,  0.12116909073E-005,  0.00000000000E+000,  0.12770076647E-007,  0.19415156310E-010,  0.00000000000E+000,  0.00000000000E+000
  0.93000000000E+003,  0.18612850537E+000,  0.12119850788E-005,  0.00000000000E+000,  0.12773175268E-007,  0.19419872606E-010,  0.00000000000E+000,  0.00000000000E+000
