"           TIME(S)","              HEAT","            FLOW_G","            FLOW_L","      FLOW_G_WATER","        FLOW_G_AIR","      FLOW_L_WATER","        FLOW_L_AIR"
  0.87600000000E+003,  0.70660224058E+000,  0.46396029996E-005,  0.00000000000E+000,  0.48895637519E-007,  0.74341311334E-010,  0.00000000000E+000,  0.00000000000E+000
  0.88800000000E+003,  0.70669744211E+000,  0.46404096215E-005,  0.00000000000E+000,  0.48904133158E-007,  0.74354242588E-010,  0.00000000000E+000,  0.00000000000E+000
  0.91200000000E+003,  0.70687845089E+000,  0.46419441941E-005,  0.00000000000E+000,  0.48920295813E-007,  0.74378845375E-010,  0.00000000000E+000,  0.00000000000E+000
  0.93000000000E+003,  0.70701305060E+000,  0.46430854345E-005,  0.00000000000E+000,  0.48932315747E-007,  0.74397142326E-010,  0.00000000000E+000,  0.00000000000E+000
