"           TIME(S)","              HEAT","            FLOW_G","            FLOW_L","      FLOW_G_WATER","        FLOW_G_AIR","      FLOW_L_WATER","        FLOW_L_AIR"
  0.87600000000E+003,  0.11110285229E+000,  0.70919931592E-006,  0.00000000000E+000,  0.74747991584E-008,  0.11363622266E-010,  0.00000000000E+000,  0.00000000000E+000
  0.88800000000E+003,  0.11111618154E+000,  0.70930940682E-006,  0.00000000000E+000,  0.74759588666E-008,  0.11365387241E-010,  0.00000000000E+000,  0.00000000000E+000
  0.91200000000E+003,  0.11114355245E+000,  0.70953556456E-006,  0.00000000000E+000,  0.74783412309E-008,  0.11369013093E-010,  0.00000000000E+000,  0.00000000000E+000
  0.93000000000E+003,  0.11116415692E+000,  0.70970582756E-006,  0.00000000000E+000,  0.74801347945E-008,  0.11371742827E-010,  0.00000000000E+000,  0.00000000000E+000
