"           TIME(S)","              HEAT","            FLOW_G","            FLOW_L","      FLOW_G_WATER","        FLOW_G_AIR","      FLOW_L_WATER","        FLOW_L_AIR"
  0.87600000000E+003,  0.92624633894E-004,  0.16792419442E-010,  0.00000000000E+000,  0.17646701107E-012,  0.00000000000E+000,  0.00000000000E+000,  0.00000000000E+000
  0.88800000000E+003,  0.92613094304E-004,  0.16793004438E-010,  0.00000000000E+000,  0.17647311826E-012,  0.00000000000E+000,  0.00000000000E+000,  0.00000000000E+000
  0.91200000000E+003,  0.92590001301E-004,  0.16794174600E-010,  0.00000000000E+000,  0.17648533439E-012,  0.00000000000E+000,  0.00000000000E+000,  0.00000000000E+000
  0.93000000000E+003,  0.92572673767E-004,  0.16795052240E-010,  0.00000000000E+000,  0.17649449665E-012,  0.00000000000E+000,  0.00000000000E+000,  0.00000000000E+000
