"           TIME(S)","              HEAT","            FLOW_G","            FLOW_L","      FLOW_G_WATER","        FLOW_G_AIR","      FLOW_L_WATER","        FLOW_L_AIR"
  0.87600000000E+003,  0.14371032017E+000,  0.92655674965E-006,  0.00000000000E+000,  0.97653599807E-008,  0.14846384761E-010,  0.00000000000E+000,  0.00000000000E+000
  0.88800000000E+003,  0.14372929526E+000,  0.92671353378E-006,  0.00000000000E+000,  0.97670115013E-008,  0.14848898281E-010,  0.00000000000E+000,  0.00000000000E+000
  0.91200000000E+003,  0.14376558872E+000,  0.92701322997E-006,  0.00000000000E+000,  0.97701684223E-008,  0.14853703121E-010,  0.00000000000E+000,  0.00000000000E+000
  0.93000000000E+003,  0.14379271722E+000,  0.92723723573E-006,  0.00000000000E+000,  0.97725280397E-008,  0.14857294480E-010,  0.00000000000E+000,  0.00000000000E+000
