"           TIME(S)","              HEAT","            FLOW_G","            FLOW_L","      FLOW_G_WATER","        FLOW_G_AIR","      FLOW_L_WATER","        FLOW_L_AIR"
  0.87600000000E+003,  0.15850427421E+001,  0.10408349511E-004,  0.00000000000E+000,  0.10969101324E-006,  0.16677513688E-009,  0.00000000000E+000,  0.00000000000E+000
  0.88800000000E+003,  0.15852537052E+001,  0.10410137226E-004,  0.00000000000E+000,  0.10970984210E-006,  0.16680379786E-009,  0.00000000000E+000,  0.00000000000E+000
  0.91200000000E+003,  0.15856675049E+001,  0.10413644597E-004,  0.00000000000E+000,  0.10974678296E-006,  0.16686002906E-009,  0.00000000000E+000,  0.00000000000E+000
  0.93000000000E+003,  0.15859749859E+001,  0.10416251098E-004,  0.00000000000E+000,  0.10977423553E-006,  0.16690181750E-009,  0.00000000000E+000,  0.00000000000E+000
