"           TIME(S)","              HEAT","            FLOW_G","            FLOW_L","      FLOW_G_WATER","        FLOW_G_AIR","      FLOW_L_WATER","        FLOW_L_AIR"
  0.87600000000E+003,  0.45130136178E-002,  0.30149029581E-007,  0.00000000000E+000,  0.31771494780E-009,  0.48308529475E-012,  0.00000000000E+000,  0.00000000000E+000
  0.88800000000E+003,  0.45134217309E-002,  0.30154205263E-007,  0.00000000000E+000,  0.31776940939E-009,  0.48316827546E-012,  0.00000000000E+000,  0.00000000000E+000
  0.91200000000E+003,  0.45141585118E-002,  0.30163902683E-007,  0.00000000000E+000,  0.31787144480E-009,  0.48332375297E-012,  0.00000000000E+000,  0.00000000000E+000
  0.93000000000E+003,  0.45146865677E-002,  0.30170976126E-007,  0.00000000000E+000,  0.31794586871E-009,  0.48343716066E-012,  0.00000000000E+000,  0.00000000000E+000
