"           TIME(S)","              HEAT","            FLOW_G","            FLOW_L","      FLOW_G_WATER","        FLOW_G_AIR","      FLOW_L_WATER","        FLOW_L_AIR"
  0.87600000000E+003,  0.34814991544E-002,  0.23344164273E-007,  0.00000000000E+000,  0.24600125715E-009,  0.37404936282E-012,  0.00000000000E+000,  0.00000000000E+000
  0.88800000000E+003,  0.34818021988E-002,  0.23348152351E-007,  0.00000000000E+000,  0.24604321888E-009,  0.37411330311E-012,  0.00000000000E+000,  0.00000000000E+000
  0.91200000000E+003,  0.34823530596E-002,  0.23355661816E-007,  0.00000000000E+000,  0.24612222722E-009,  0.37423370148E-012,  0.00000000000E+000,  0.00000000000E+000
  0.93000000000E+003,  0.34827476433E-002,  0.23361136419E-007,  0.00000000000E+000,  0.24617982474E-009,  0.37432147520E-012,  0.00000000000E+000,  0.00000000000E+000
