"           TIME(S)","              HEAT","            FLOW_G","            FLOW_L","      FLOW_G_WATER","        FLOW_G_AIR","      FLOW_L_WATER","        FLOW_L_AIR"
  0.87600000000E+003,  0.38872363560E-001,  0.24445142470E-006,  0.00000000000E+000,  0.25765972820E-008,  0.39168884462E-011,  0.00000000000E+000,  0.00000000000E+000
  0.88800000000E+003,  0.38876502135E-001,  0.24449124337E-006,  0.00000000000E+000,  0.25770165982E-008,  0.39175268577E-011,  0.00000000000E+000,  0.00000000000E+000
  0.91200000000E+003,  0.38884534400E-001,  0.24456883232E-006,  0.00000000000E+000,  0.25778336520E-008,  0.39187708167E-011,  0.00000000000E+000,  0.00000000000E+000
  0.93000000000E+003,  0.38890508126E-001,  0.24462660268E-006,  0.00000000000E+000,  0.25784420034E-008,  0.39196970275E-011,  0.00000000000E+000,  0.00000000000E+000
