"           TIME(S)","              HEAT","            FLOW_G","            FLOW_L","      FLOW_G_WATER","        FLOW_G_AIR","      FLOW_L_WATER","        FLOW_L_AIR"
  0.87600000000E+003,  0.58705188139E-002,  0.39017167265E-007,  0.00000000000E+000,  0.41117571041E-009,  0.62518144025E-012,  0.00000000000E+000,  0.00000000000E+000
  0.88800000000E+003,  0.58710425650E-002,  0.39023847307E-007,  0.00000000000E+000,  0.41124600229E-009,  0.62528854038E-012,  0.00000000000E+000,  0.00000000000E+000
  0.91200000000E+003,  0.58719936121E-002,  0.39036393278E-007,  0.00000000000E+000,  0.41137801170E-009,  0.62548968811E-012,  0.00000000000E+000,  0.00000000000E+000
  0.93000000000E+003,  0.58726773222E-002,  0.39045551859E-007,  0.00000000000E+000,  0.41147437625E-009,  0.62563652636E-012,  0.00000000000E+000,  0.00000000000E+000
