"           TIME(S)","              HEAT","            FLOW_G","            FLOW_L","      FLOW_G_WATER","        FLOW_G_AIR","      FLOW_L_WATER","        FLOW_L_AIR"
  0.87600000000E+003,  0.20909141488E-002,  0.14076023411E-007,  0.00000000000E+000,  0.14833145859E-009,  0.22554370727E-012,  0.00000000000E+000,  0.00000000000E+000
  0.88800000000E+003,  0.20910940780E-002,  0.14078419579E-007,  0.00000000000E+000,  0.14835666973E-009,  0.22558212474E-012,  0.00000000000E+000,  0.00000000000E+000
  0.91200000000E+003,  0.20914225079E-002,  0.14082947334E-007,  0.00000000000E+000,  0.14840430548E-009,  0.22565471773E-012,  0.00000000000E+000,  0.00000000000E+000
  0.93000000000E+003,  0.20916573109E-002,  0.14086246221E-007,  0.00000000000E+000,  0.14843901143E-009,  0.22570760847E-012,  0.00000000000E+000,  0.00000000000E+000
