"           TIME(S)","              HEAT","            FLOW_G","            FLOW_L","      FLOW_G_WATER","        FLOW_G_AIR","      FLOW_L_WATER","        FLOW_L_AIR"
  0.87600000000E+003,  0.66155774012E-001,  0.41593934039E-006,  0.00000000000E+000,  0.43841382734E-008,  0.66646654003E-011,  0.00000000000E+000,  0.00000000000E+000
  0.88800000000E+003,  0.66162733089E-001,  0.41600039930E-006,  0.00000000000E+000,  0.43847814067E-008,  0.66656443575E-011,  0.00000000000E+000,  0.00000000000E+000
  0.91200000000E+003,  0.66177679125E-001,  0.41613113070E-006,  0.00000000000E+000,  0.43861584104E-008,  0.66677403205E-011,  0.00000000000E+000,  0.00000000000E+000
  0.93000000000E+003,  0.66188973388E-001,  0.41622989257E-006,  0.00000000000E+000,  0.43871986769E-008,  0.66693237234E-011,  0.00000000000E+000,  0.00000000000E+000
