"           TIME(S)","              HEAT","            FLOW_G","            FLOW_L","      FLOW_G_WATER","        FLOW_G_AIR","      FLOW_L_WATER","        FLOW_L_AIR"
  0.87600000000E+003,  0.41276819888E+000,  0.27099943916E-005,  0.00000000000E+000,  0.28559975110E-007,  0.43422793292E-010,  0.00000000000E+000,  0.00000000000E+000
  0.88800000000E+003,  0.41282468978E+000,  0.27104722966E-005,  0.00000000000E+000,  0.28565008604E-007,  0.43430454955E-010,  0.00000000000E+000,  0.00000000000E+000
  0.91200000000E+003,  0.41293103805E+000,  0.27113725537E-005,  0.00000000000E+000,  0.28574490467E-007,  0.43444888222E-010,  0.00000000000E+000,  0.00000000000E+000
  0.93000000000E+003,  0.41300991611E+000,  0.27120403492E-005,  0.00000000000E+000,  0.28581523948E-007,  0.43455594651E-010,  0.00000000000E+000,  0.00000000000E+000
