"           TIME(S)","              PRES","              TEMP","             SAT_G","             SAT_L"
  0.87600000000E+003,  0.99181202049E+005,  0.62567735291E+001,  0.49997917207E+000,  0.50002082793E+000
  0.88800000000E+003,  0.99169706131E+005,  0.62290462942E+001,  0.49997946294E+000,  0.50002053706E+000
  0.91200000000E+003,  0.99146979310E+005,  0.61757725349E+001,  0.49998000876E+000,  0.50001999124E+000
  0.93000000000E+003,  0.99130075638E+005,  0.61368247286E+001,  0.49998038758E+000,  0.50001961242E+000
